index,split
10415,train
7511,train
9420,train
3597,train
10855,train
11212,train
4673,train
5113,train
7653,train
6675,train
1155,train
6570,train
5993,train
3816,train
5340,train
1868,train
8936,train
3560,train
2103,train
8268,train
6115,train
6191,train
7435,train
9310,train
8617,train
9742,train
7181,train
8216,train
3472,train
6665,train
3522,train
5787,train
6176,train
9929,train
6842,train
6593,train
518,train
10889,train
10402,train
0,train
4058,train
3723,train
8593,train
9109,train
9355,train
9954,train
8601,train
1008,train
9305,train
3475,train
4581,train
5106,train
1361,train
6169,train
499,train
1494,train
5639,train
7498,train
4816,train
10065,train
7569,train
10418,train
10292,train
2105,train
7767,train
10850,train
8744,train
1268,train
7128,train
10357,train
1218,train
4664,train
3205,train
9058,train
2230,train
9474,train
4439,train
9090,train
2317,train
3381,train
10260,train
5765,train
1455,train
6960,train
10168,train
693,train
5888,train
10257,train
4812,train
4181,train
1619,train
7776,train
1351,train
5959,train
4535,train
10540,train
6614,train
7148,train
9265,train
8568,train
4398,train
8754,train
9267,train
8616,train
7218,train
8467,train
3076,train
6546,train
6460,train
905,train
7316,train
4507,train
1174,train
9650,train
1584,train
2420,train
6768,train
62,train
7778,train
6083,train
4557,train
11078,train
3206,train
9281,train
1778,train
1750,train
7852,train
4128,train
7950,train
187,train
2842,train
11062,train
2071,train
3225,train
5011,train
9363,train
6993,train
2595,train
10173,train
10609,train
3160,train
6747,train
3086,train
8818,train
5315,train
3895,train
4278,train
1269,train
2857,train
2349,train
796,train
4908,train
7543,train
1938,train
3450,train
5343,train
10053,train
8491,train
4312,train
3527,train
675,train
8191,train
4118,train
10482,train
9080,train
8956,train
4316,train
6254,train
5001,train
8264,train
33,train
9923,train
10137,train
983,train
4914,train
849,train
9690,train
6133,train
2610,train
7975,train
1595,train
5633,train
2952,train
1049,train
634,train
6953,train
1214,train
2391,train
792,train
10109,train
2774,train
8148,train
9020,train
707,train
6601,train
7930,train
2593,train
10314,train
2711,train
3827,train
5549,train
4892,train
4928,train
6779,train
2393,train
8445,train
8899,train
2166,train
6307,train
5048,train
8094,train
1162,train
7984,train
4259,train
5368,train
6986,train
412,train
3061,train
5578,train
5079,train
3802,train
6422,train
1726,train
3077,train
6343,train
4459,train
2407,train
3352,train
3485,train
7900,train
10707,train
8368,train
8172,train
3270,train
1682,train
801,train
2970,train
10868,train
8974,train
5246,train
2400,train
9694,train
2597,train
8157,train
5380,train
8890,train
2542,train
4379,train
9235,train
3326,train
8366,train
10158,train
47,train
4718,train
2569,train
7641,train
329,train
10561,train
4399,train
7192,train
7895,train
9498,train
6459,train
4537,train
2501,train
7390,train
3956,train
541,train
8063,train
6991,train
9781,train
7851,train
2994,train
10404,train
1589,train
10015,train
8833,train
10690,train
6879,train
637,train
2446,train
7564,train
8947,train
3641,train
4930,train
1471,train
10018,train
7907,train
8095,train
7908,train
1276,train
7395,train
8580,train
3988,train
1692,train
781,train
4022,train
2001,train
9203,train
7382,train
2733,train
7680,train
2507,train
4307,train
3963,train
8806,train
1651,train
5127,train
1442,train
1012,train
5901,train
9128,train
5621,train
3359,train
7849,train
2189,train
2180,train
9150,train
4963,train
5813,train
5826,train
4247,train
5588,train
7215,train
9808,train
9064,train
6273,train
6959,train
4719,train
6670,train
4079,train
5792,train
3604,train
9832,train
9111,train
5963,train
7304,train
251,train
10182,train
5052,train
8512,train
696,train
1835,train
3114,train
1521,train
4329,train
8316,train
4657,train
6059,train
3301,train
7478,train
9081,train
866,train
3907,train
10871,train
7101,train
2048,train
3335,train
3957,train
8369,train
7859,train
2305,train
10332,train
2704,train
3243,train
7782,train
5168,train
318,train
2050,train
7457,train
6131,train
3221,train
8010,train
1968,train
307,train
5711,train
11052,train
3869,train
10796,train
4862,train
5440,train
4941,train
10677,train
238,train
6110,train
6790,train
7618,train
2108,train
9873,train
5159,train
10740,train
2557,train
8131,train
7479,train
6377,train
10556,train
9307,train
248,train
2647,train
11423,train
5953,train
2821,train
6099,train
5259,train
5747,train
10720,train
9799,train
7609,train
1661,train
11154,train
8923,train
2015,train
11336,train
732,train
4905,train
11347,train
1967,train
3283,train
4927,train
2910,train
4354,train
1772,train
9776,train
5432,train
8881,train
8669,train
2927,train
8700,train
6287,train
4121,train
7227,train
11304,train
4937,train
4115,train
6627,train
991,train
6197,train
4413,train
865,train
5100,train
8259,train
7363,train
10533,train
3216,train
4529,train
6889,train
6500,train
10029,train
3297,train
9857,train
7444,train
5545,train
5077,train
1086,train
10613,train
5665,train
3713,train
5275,train
4932,train
11073,train
10479,train
2954,train
8664,train
7925,train
1379,train
3460,train
7428,train
9540,train
9855,train
7364,train
9665,train
7522,train
10894,train
9356,train
7802,train
2537,train
4655,train
170,train
5463,train
2972,train
3506,train
6535,train
8047,train
10909,train
3238,train
3353,train
8938,train
2389,train
3167,train
5014,train
8294,train
5825,train
11282,train
409,train
4940,train
3391,train
3677,train
10045,train
1462,train
1624,train
6992,train
6688,train
3533,train
1199,train
4633,train
2302,train
3715,train
6416,train
686,train
1732,train
4234,train
2122,train
8816,train
8665,train
4221,train
5663,train
7760,train
1818,train
10506,train
10145,train
2376,train
6771,train
2041,train
2960,train
6145,train
2678,train
6565,train
7286,train
5786,train
9608,train
10794,train
3239,train
4776,train
803,train
7467,train
6724,train
4252,train
9060,train
2475,train
6528,train
3240,train
4286,train
2127,train
11144,train
2750,train
2688,train
5589,train
10449,train
4672,train
11237,train
5375,train
7843,train
4392,train
3132,train
9975,train
1572,train
11049,train
8021,train
4049,train
9176,train
3471,train
1126,train
9164,train
10668,train
9313,train
9174,train
1625,train
1861,train
6592,train
2884,train
427,train
8015,train
1569,train
3834,train
8185,train
9032,train
3072,train
5978,train
3852,train
368,train
6125,train
6226,train
7322,train
1342,train
3449,train
3523,train
10552,train
9437,train
5548,train
7531,train
10955,train
5486,train
1501,train
9397,train
10628,train
9922,train
400,train
10087,train
3414,train
1871,train
4584,train
2883,train
1258,train
871,train
10106,train
3820,train
260,train
4956,train
137,train
1558,train
6137,train
6617,train
1804,train
3544,train
9996,train
7122,train
9634,train
2687,train
7847,train
5102,train
2532,train
6255,train
5,train
8503,train
3376,train
8817,train
3331,train
3628,train
1694,train
4198,train
9207,train
2605,train
10989,train
7460,train
7228,train
10752,train
2660,train
2154,train
8104,train
8461,train
4197,train
5152,train
3467,train
3435,train
2623,train
2438,train
5504,train
4061,train
1113,train
123,train
5684,train
8335,train
1475,train
507,train
4404,train
5837,train
3401,train
3389,train
9876,train
6669,train
7038,train
2338,train
44,train
1594,train
1305,train
8393,train
7746,train
811,train
2173,train
2116,train
1188,train
8027,train
1504,train
6061,train
5032,train
1744,train
7985,train
10735,train
4742,train
3446,train
10652,train
7464,train
10367,train
5808,train
3917,train
9583,train
3367,train
6385,train
6624,train
3782,train
4064,train
3595,train
4012,train
2956,train
3794,train
4522,train
7807,train
8987,train
7699,train
8215,train
4026,train
9674,train
3406,train
1039,train
933,train
6974,train
8357,train
3920,train
5753,train
10287,train
5035,train
2917,train
8109,train
68,train
1190,train
6831,train
8012,train
6462,train
6981,train
8639,train
7083,train
1046,train
10374,train
5512,train
10755,train
4888,train
8505,train
3666,train
926,train
8679,train
656,train
6236,train
10006,train
7899,train
10651,train
4777,train
8872,train
4961,train
8582,train
7945,train
5515,train
10518,train
7113,train
6465,train
3865,train
2484,train
8531,train
8795,train
1970,train
5733,train
4436,train
8928,train
8620,train
221,train
2809,train
8990,train
10099,train
7339,train
11034,train
3548,train
6000,train
10862,train
6101,train
7781,train
2866,train
10579,train
9997,train
4336,train
967,train
6301,train
690,train
1652,train
3766,train
6147,train
2709,train
9107,train
2781,train
8112,train
859,train
7399,train
5425,train
9274,train
2863,train
2804,train
2984,train
9642,train
5467,train
3422,train
5175,train
7577,train
5688,train
1366,train
3862,train
3777,train
10395,train
7342,train
11308,train
5383,train
5526,train
940,train
10731,train
10719,train
612,train
6729,train
10527,train
4149,train
6850,train
2699,train
6508,train
11068,train
8631,train
9495,train
9019,train
6200,train
8205,train
8627,train
6246,train
2740,train
9264,train
1191,train
157,train
7416,train
3521,train
6820,train
7241,train
6044,train
3211,train
99,train
1117,train
5686,train
171,train
7839,train
3631,train
6150,train
5728,train
5330,train
4822,train
3473,train
7019,train
3089,train
1722,train
9286,train
1810,train
1990,train
3253,train
9677,train
32,train
6834,train
1831,train
5858,train
6524,train
4376,train
4858,train
10484,train
4045,train
279,train
613,train
3652,train
2932,train
1265,train
6641,train
554,train
6882,train
10157,train
6822,train
607,train
1237,train
8310,train
5057,train
4249,train
3007,train
8119,train
718,train
9480,train
9784,train
2519,train
3111,train
8777,train
6642,train
4829,train
599,train
10360,train
836,train
4860,train
7008,train
4800,train
5584,train
6003,train
5703,train
4969,train
3672,train
11341,train
7135,train
9617,train
1110,train
3218,train
8399,train
9368,train
8283,train
8126,train
10587,train
8846,train
2247,train
9573,train
185,train
8338,train
2055,train
6775,train
1779,train
10549,train
11115,train
5980,train
2441,train
5428,train
6523,train
2546,train
6898,train
11146,train
6596,train
4486,train
10401,train
2854,train
9891,train
7827,train
4678,train
3133,train
3319,train
3779,train
3810,train
9788,train
3784,train
8770,train
2085,train
11145,train
498,train
10936,train
11262,train
6010,train
11003,train
1776,train
2903,train
7264,train
7749,train
7434,train
6372,train
7379,train
633,train
2751,train
5905,train
1271,train
10412,train
2092,train
2921,train
9660,train
2824,train
8605,train
2928,train
7932,train
8320,train
7723,train
3998,train
4612,train
1328,train
7477,train
4405,train
4097,train
7701,train
10329,train
1278,train
8217,train
748,train
10309,train
11247,train
4996,train
7521,train
5064,train
2058,train
7806,train
9147,train
7566,train
10612,train
5267,train
2030,train
10887,train
3447,train
70,train
8234,train
3599,train
7451,train
7146,train
5985,train
2232,train
7236,train
8405,train
2236,train
555,train
10245,train
10834,train
5156,train
7599,train
6470,train
10766,train
8632,train
9908,train
11039,train
212,train
3120,train
7702,train
1517,train
5180,train
2908,train
9422,train
1700,train
1927,train
2118,train
11364,train
7698,train
10197,train
10483,train
568,train
10957,train
6723,train
8768,train
1885,train
4276,train
8658,train
4451,train
9491,train
10212,train
1440,train
6520,train
1315,train
8129,train
5831,train
4383,train
2262,train
4166,train
6998,train
4646,train
4850,train
9604,train
2833,train
5998,train
3334,train
663,train
46,train
3303,train
3483,train
2837,train
3529,train
6628,train
1915,train
5209,train
2515,train
98,train
7341,train
9900,train
7367,train
1281,train
292,train
677,train
7704,train
11014,train
348,train
5409,train
6458,train
7629,train
2911,train
4366,train
3915,train
9472,train
4116,train
5718,train
4597,train
9940,train
650,train
2560,train
11009,train
8539,train
5290,train
463,train
5232,train
178,train
5942,train
6429,train
7685,train
3823,train
4109,train
6081,train
7267,train
2164,train
7470,train
11362,train
2951,train
1667,train
3176,train
7335,train
3130,train
90,train
2359,train
10499,train
8417,train
7486,train
4943,train
3896,train
4178,train
8532,train
3085,train
1007,train
9905,train
11026,train
2890,train
2161,train
10489,train
7997,train
7919,train
7123,train
10833,train
3256,train
7854,train
5951,train
736,train
3158,train
9948,train
10030,train
720,train
5602,train
681,train
4729,train
8231,train
8640,train
893,train
9143,train
7220,train
4512,train
526,train
5307,train
6943,train
8301,train
8135,train
4725,train
8247,train
2635,train
10922,train
5311,train
11121,train
6799,train
9924,train
6340,train
8424,train
1062,train
9003,train
458,train
1525,train
10759,train
10191,train
7077,train
6717,train
6438,train
1577,train
7007,train
4189,train
4372,train
494,train
11354,train
6142,train
4122,train
4913,train
2331,train
8707,train
6426,train
5025,train
7643,train
6883,train
2759,train
1643,train
5732,train
8181,train
5996,train
4982,train
9888,train
2401,train
8710,train
4960,train
6424,train
3532,train
172,train
7668,train
8602,train
8088,train
2754,train
2150,train
8581,train
7152,train
1741,train
9904,train
8232,train
904,train
5502,train
11419,train
11079,train
9614,train
6171,train
4650,train
9293,train
353,train
1119,train
3063,train
5054,train
4802,train
11117,train
6118,train
2749,train
1428,train
10991,train
9185,train
4536,train
5092,train
10096,train
7318,train
1312,train
5285,train
8373,train
9911,train
4291,train
10346,train
10598,train
832,train
7484,train
6220,train
2646,train
2980,train
3520,train
1331,train
2633,train
9149,train
9017,train
8484,train
6231,train
5612,train
4778,train
6140,train
3417,train
7032,train
1858,train
10180,train
6387,train
268,train
700,train
9607,train
5911,train
6129,train
564,train
9339,train
4435,train
767,train
10963,train
616,train
5104,train
2461,train
756,train
9161,train
7755,train
7253,train
11196,train
8146,train
5038,train
2039,train
10775,train
2672,train
2053,train
8864,train
6832,train
9736,train
3586,train
9453,train
9508,train
8064,train
1145,train
1185,train
4610,train
6441,train
2365,train
5536,train
161,train
2584,train
1322,train
10079,train
6746,train
3774,train
8257,train
209,train
10925,train
2583,train
2320,train
2473,train
8349,train
6862,train
4508,train
1955,train
3258,train
5116,train
970,train
561,train
4478,train
1435,train
8171,train
4033,train
10201,train
4921,train
5476,train
4337,train
10121,train
11348,train
6251,train
4375,train
4717,train
3615,train
6069,train
9785,train
10966,train
9757,train
10384,train
1364,train
6091,train
1977,train
5207,train
8704,train
3629,train
10974,train
2482,train
8745,train
3200,train
1479,train
1010,train
2291,train
11222,train
7819,train
2193,train
9136,train
6221,train
9689,train
1378,train
1302,train
24,train
2643,train
7064,train
10020,train
3152,train
4003,train
10905,train
3591,train
10318,train
2929,train
3671,train
1382,train
10841,train
3901,train
345,train
9126,train
6319,train
4477,train
10399,train
3508,train
3149,train
3141,train
6890,train
5739,train
9178,train
3854,train
2383,train
4053,train
772,train
7904,train
1251,train
6203,train
1635,train
3531,train
8766,train
9699,train
5331,train
9460,train
195,train
9596,train
2969,train
7199,train
1124,train
6630,train
1018,train
3148,train
9866,train
10373,train
8894,train
900,train
4499,train
5865,train
11296,train
11371,train
2925,train
7074,train
5026,train
1564,train
9451,train
2900,train
10758,train
3773,train
6530,train
9396,train
9376,train
7608,train
6921,train
6694,train
7711,train
9433,train
697,train
7871,train
7089,train
6718,train
2736,train
8573,train
8046,train
1605,train
9444,train
8228,train
10019,train
8801,train
10084,train
10133,train
6963,train
4194,train
2416,train
6239,train
1380,train
6965,train
5609,train
5082,train
10190,train
8111,train
2093,train
5721,train
8091,train
4587,train
6370,train
3126,train
703,train
10993,train
3137,train
9105,train
10872,train
1349,train
1536,train
9095,train
9344,train
9910,train
4783,train
7774,train
73,train
5472,train
11109,train
2364,train
841,train
5979,train
962,train
7177,train
7268,train
3701,train
862,train
1689,train
4123,train
1395,train
9326,train
2005,train
1243,train
8481,train
5349,train
2528,train
6353,train
2807,train
1775,train
10968,train
6193,train
2095,train
4806,train
3927,train
7385,train
2200,train
7504,train
10012,train
9120,train
5305,train
2898,train
4986,train
6588,train
7154,train
5042,train
8799,train
8381,train
8254,train
7063,train
10764,train
7405,train
7380,train
5218,train
107,train
4225,train
5066,train
4596,train
7857,train
91,train
403,train
9218,train
5083,train
10142,train
1024,train
9921,train
9548,train
10804,train
7489,train
512,train
7307,train
3846,train
1590,train
2796,train
8080,train
6359,train
2851,train
9127,train
3837,train
1935,train
2768,train
5605,train
7710,train
10818,train
6580,train
9751,train
8433,train
7988,train
5794,train
4555,train
5241,train
3603,train
11300,train
6469,train
6587,train
3787,train
4590,train
6484,train
5121,train
3459,train
7137,train
1222,train
676,train
10741,train
3043,train
7690,train
7656,train
4985,train
5735,train
922,train
2351,train
11339,train
3552,train
9632,train
3830,train
1570,train
8957,train
4955,train
4449,train
10986,train
2397,train
7140,train
5649,train
6328,train
5385,train
7034,train
5055,train
9894,train
1060,train
10234,train
4984,train
5833,train
11037,train
10342,train
1933,train
11415,train
4282,train
9232,train
1716,train
5636,train
5556,train
3313,train
4579,train
8586,train
7742,train
4369,train
5601,train
1326,train
4520,train
6334,train
7439,train
7928,train
1973,train
5750,train
8024,train
4629,train
7334,train
4854,train
10596,train
6586,train
7081,train
4543,train
8098,train
8932,train
4701,train
2160,train
10466,train
2125,train
6783,train
4711,train
5301,train
5836,train
6764,train
1528,train
3945,train
4825,train
9239,train
710,train
8963,train
5824,train
6973,train
594,train
6457,train
3719,train
4167,train
200,train
7214,train
968,train
818,train
2280,train
11048,train
4174,train
5574,train
9860,train
10116,train
1902,train
2650,train
1742,train
7185,train
9214,train
2156,train
10440,train
1533,train
6575,train
9549,train
5296,train
1839,train
182,train
1866,train
3799,train
4548,train
1731,train
8830,train
10098,train
8002,train
8253,train
10585,train
3196,train
10632,train
1256,train
4938,train
10104,train
7610,train
6635,train
4039,train
8226,train
1892,train
10174,train
20,train
280,train
8122,train
8692,train
10943,train
3215,train
9359,train
8431,train
7117,train
1702,train
6381,train
2293,train
4374,train
496,train
2644,train
7751,train
6563,train
8407,train
10717,train
3306,train
3143,train
2399,train
3465,train
6037,train
6871,train
10274,train
1717,train
4132,train
10481,train
2250,train
9319,train
10464,train
6703,train
6815,train
3109,train
7867,train
1916,train
3536,train
6035,train
7948,train
9740,train
2943,train
3623,train
1999,train
2656,train
7191,train
8857,train
7147,train
8662,train
6482,train
8606,train
2114,train
67,train
934,train
4086,train
2791,train
1400,train
2628,train
3405,train
9684,train
9315,train
10814,train
448,train
9774,train
8558,train
9915,train
2357,train
8163,train
8949,train
10195,train
1320,train
82,train
538,train
6156,train
1959,train
7502,train
2064,train
2653,train
4820,train
5328,train
5359,train
10254,train
4190,train
2004,train
1134,train
2170,train
8049,train
10407,train
7538,train
4415,train
4370,train
11403,train
6874,train
8168,train
4670,train
4722,train
8727,train
5413,train
6956,train
3191,train
6645,train
3737,train
10129,train
5364,train
8134,train
8905,train
4202,train
8116,train
4964,train
2373,train
10323,train
5667,train
180,train
5002,train
1040,train
4409,train
5273,train
3541,train
8347,train
7607,train
579,train
11099,train
2442,train
10839,train
7993,train
10520,train
9333,train
8832,train
9709,train
8334,train
5058,train
5187,train
546,train
6382,train
1002,train
2205,train
7045,train
3732,train
110,train
45,train
10699,train
10605,train
10727,train
11269,train
9679,train
2434,train
1783,train
8453,train
3738,train
8809,train
7366,train
190,train
1925,train
7265,train
655,train
6414,train
11020,train
4188,train
785,train
3315,train
2909,train
4637,train
1583,train
5283,train
259,train
8016,train
8008,train
2631,train
7544,train
4488,train
8887,train
5805,train
8626,train
2539,train
4014,train
5336,train
8902,train
10085,train
3052,train
10228,train
351,train
8880,train
863,train
6582,train
11255,train
2036,train
4019,train
2562,train
9680,train
9706,train
10545,train
533,train
7078,train
3808,train
2950,train
2251,train
131,train
393,train
9714,train
1375,train
6190,train
4484,train
9317,train
3420,train
7603,train
3011,train
5585,train
1318,train
771,train
1013,train
8082,train
779,train
1500,train
6902,train
624,train
8623,train
1506,train
9487,train
10115,train
6304,train
8167,train
3430,train
4595,train
7862,train
2466,train
9255,train
8001,train
3210,train
11270,train
1252,train
5112,train
10303,train
5006,train
5642,train
10828,train
9947,train
5841,train
2120,train
366,train
10165,train
1248,train
8103,train
7946,train
8540,train
1474,train
6805,train
3305,train
9405,train
3059,train
7722,train
4704,train
7030,train
158,train
2199,train
10874,train
4052,train
4565,train
434,train
8733,train
1401,train
7120,train
9374,train
9035,train
2634,train
3035,train
9502,train
5932,train
7809,train
2931,train
276,train
10140,train
3309,train
5099,train
8028,train
2718,train
2922,train
3164,train
5406,train
4158,train
5793,train
872,train
4454,train
5482,train
501,train
8508,train
11169,train
2574,train
8734,train
7615,train
7375,train
6121,train
5919,train
10406,train
6488,train
3490,train
5319,train
225,train
8377,train
11266,train
10770,train
644,train
3006,train
10799,train
8068,train
4546,train
8901,train
6141,train
9762,train
3558,train
11219,train
3271,train
2276,train
1122,train
9850,train
7042,train
9518,train
9415,train
5659,train
3693,train
7619,train
8120,train
10706,train
8583,train
5360,train
7562,train
8986,train
5674,train
241,train
177,train
6277,train
2370,train
10897,train
1597,train
6055,train
1003,train
6560,train
10844,train
10496,train
295,train
2706,train
7017,train
3821,train
9772,train
3605,train
4505,train
11319,train
9500,train
9367,train
1469,train
5291,train
9478,train
1414,train
3807,train
8086,train
6384,train
10298,train
4978,train
9640,train
3765,train
2547,train
6877,train
5950,train
7660,train
6031,train
1369,train
4911,train
3556,train
2149,train
193,train
1391,train
8656,train
3245,train
6040,train
9806,train
11112,train
8380,train
42,train
8434,train
3646,train
5529,train
2213,train
9288,train
2458,train
5081,train
9247,train
5318,train
2825,train
2762,train
6028,train
9076,train
2586,train
1527,train
10400,train
3987,train
7423,train
7370,train
4609,train
4472,train
4669,train
2674,train
9738,train
4246,train
7868,train
6802,train
8951,train
3697,train
5170,train
3977,train
5821,train
3009,train
3212,train
716,train
10223,train
2797,train
175,train
10354,train
11220,train
1800,train
7127,train
5814,train
7886,train
265,train
11268,train
7182,train
598,train
5843,train
886,train
10756,train
2444,train
2201,train
4213,train
5983,train
7650,train
10110,train
10793,train
5260,train
5021,train
821,train
3273,train
1238,train
6249,train
2207,train
421,train
3511,train
9705,train
2565,train
2869,train
2340,train
902,train
2471,train
2292,train
5778,train
11165,train
9116,train
7679,train
9667,train
2902,train
4880,train
5669,train
71,train
1825,train
8732,train
4364,train
320,train
2403,train
9370,train
3071,train
8587,train
6259,train
2486,train
3388,train
8731,train
4131,train
1033,train
8772,train
9350,train
10100,train
5713,train
3440,train
9721,train
4173,train
370,train
9657,train
6492,train
4896,train
5643,train
9479,train
9934,train
2834,train
2819,train
927,train
8775,train
9848,train
8824,train
8612,train
10848,train
5878,train
3084,train
2073,train
9458,train
5534,train
8784,train
80,train
2689,train
8569,train
7004,train
5860,train
3756,train
2316,train
659,train
1820,train
2013,train
1213,train
2208,train
3731,train
8266,train
826,train
3208,train
5912,train
7832,train
3327,train
3486,train
8970,train
11040,train
4973,train
8260,train
8737,train
10081,train
7967,train
8039,train
2964,train
23,train
845,train
9962,train
7625,train
10608,train
4859,train
479,train
4368,train
8057,train
7865,train
85,train
8750,train
1225,train
5196,train
7561,train
534,train
79,train
9470,train
6378,train
454,train
4352,train
5956,train
3645,train
5767,train
11173,train
4645,train
6357,train
4142,train
5780,train
9691,train
830,train
9381,train
1507,train
1406,train
4216,train
9648,train
10979,train
929,train
6807,train
2887,train
6388,train
6697,train
7330,train
5204,train
116,train
3220,train
3996,train
1950,train
4694,train
10304,train
2614,train
5654,train
7878,train
5223,train
10856,train
4999,train
2919,train
9221,train
6869,train
8165,train
2107,train
6041,train
7226,train
1713,train
5010,train
10497,train
65,train
4643,train
10214,train
7549,train
3019,train
6116,train
3203,train
4211,train
9452,train
4163,train
11267,train
10980,train
4926,train
10007,train
4515,train
5909,train
10593,train
10093,train
9865,train
11384,train
3103,train
2531,train
344,train
9913,train
10135,train
6863,train
4441,train
8752,train
8289,train
1725,train
5580,train
4803,train
6644,train
6244,train
4821,train
384,train
7047,train
11066,train
3372,train
4425,train
1164,train
199,train
4017,train
2511,train
2769,train
7590,train
537,train
3685,train
9733,train
679,train
8858,train
5304,train
4804,train
4348,train
10217,train
5599,train
4849,train
8703,train
5925,train
7880,train
2396,train
10510,train
9167,train
3867,train
9027,train
1300,train
9585,train
4868,train
9119,train
3539,train
9156,train
2204,train
3754,train
6573,train
7057,train
9768,train
11352,train
5034,train
1261,train
6522,train
3750,train
10028,train
5507,train
5475,train
2049,train
5719,train
6867,train
1175,train
419,train
2198,train
1223,train
6120,train
2066,train
6966,train
7487,train
1753,train
1760,train
4331,train
343,train
6346,train
2764,train
10985,train
9068,train
11130,train
8379,train
6896,train
2839,train
4098,train
5646,train
9741,train
9550,train
8859,train
6196,train
6808,train
3962,train
9903,train
4445,train
3937,train
10890,train
416,train
11102,train
9096,train
2701,train
8688,train
6502,train
2801,train
8566,train
1463,train
9843,train
8571,train
6727,train
8776,train
10426,train
2244,train
6853,train
6088,train
6447,train
10881,train
3022,train
8524,train
7853,train
1354,train
9696,train
10821,train
289,train
6082,train
7612,train
11350,train
22,train
7303,train
9581,train
9778,train
381,train
3778,train
10147,train
1554,train
1819,train
6841,train
7488,train
6350,train
2612,train
3229,train
1551,train
4790,train
1215,train
11331,train
9139,train
4180,train
7796,train
2328,train
9589,train
2269,train
8250,train
7632,train
1751,train
3382,train
2143,train
4877,train
7665,train
8308,train
4607,train
1876,train
3561,train
7986,train
10092,train
1066,train
993,train
909,train
9393,train
2886,train
1098,train
1424,train
5523,train
10967,train
3168,train
8414,train
2638,train
7421,train
10124,train
10973,train
1143,train
10127,train
1792,train
10261,train
8074,train
7058,train
3189,train
11401,train
4434,train
4979,train
5535,train
8150,train
8378,train
3573,train
6782,train
9473,train
11018,train
1292,train
9734,train
8290,train
1441,train
1100,train
5003,train
3850,train
3023,train
9392,train
10272,train
5420,train
11059,train
8810,train
2188,train
355,train
7929,train
5111,train
661,train
5215,train
4230,train
6313,train
1357,train
6493,train
4560,train
5872,train
1621,train
6111,train
9992,train
96,train
2630,train
8592,train
782,train
10929,train
6105,train
7542,train
2609,train
6915,train
11201,train
2086,train
1490,train
1374,train
919,train
2603,train
2974,train
7288,train
4088,train
1371,train
5689,train
9535,train
4714,train
470,train
5043,train
3397,train
4091,train
7212,train
10751,train
755,train
11337,train
5162,train
6268,train
3912,train
11422,train
4342,train
5764,train
134,train
6392,train
8653,train
3451,train
8903,train
10230,train
7594,train
8235,train
9216,train
6692,train
7098,train
11191,train
2152,train
2367,train
1390,train
5771,train
1857,train
6479,train
2977,train
3336,train
1130,train
9530,train
336,train
5327,train
4046,train
2023,train
575,train
10339,train
500,train
4929,train
10674,train
10425,train
1407,train
2810,train
6950,train
2356,train
2255,train
5225,train
3828,train
2044,train
9780,train
2355,train
8853,train
1089,train
8292,train
5248,train
5403,train
3734,train
1311,train
3295,train
244,train
7584,train
9735,train
3320,train
388,train
3492,train
8845,train
899,train
3260,train
4917,train
6881,train
7409,train
9661,train
4545,train
9145,train
376,train
1487,train
189,train
11340,train
953,train
3832,train
10880,train
387,train
3217,train
5362,train
5756,train
6445,train
1392,train
6476,train
9148,train
3932,train
11373,train
9743,train
1565,train
2568,train
10945,train
9797,train
6908,train
5706,train
4900,train
3769,train
1087,train
2289,train
2802,train
606,train
4456,train
8078,train
10644,train
11091,train
3180,train
8361,train
7187,train
1758,train
4554,train
5310,train
5135,train
883,train
743,train
578,train
4193,train
1362,train
3676,train
2374,train
4566,train
6100,train
9366,train
9117,train
7222,train
3958,train
9277,train
844,train
2238,train
9082,train
2828,train
10570,train
8861,train
10340,train
10488,train
8702,train
10786,train
263,train
10150,train
5201,train
1937,train
7217,train
3151,train
49,train
822,train
437,train
1329,train
1498,train
6702,train
6448,train
7573,train
11054,train
8447,train
2763,train
7683,train
7927,train
236,train
6076,train
5591,train
8220,train
9400,train
5695,train
4036,train
992,train
1093,train
11301,train
5389,train
10251,train
8534,train
5357,train
3743,train
4087,train
1666,train
3798,train
2146,train
3955,train
1770,train
4636,train
8485,train
1202,train
11428,train
2375,train
5410,train
668,train
2130,train
10597,train
1735,train
9025,train
8420,train
442,train
9141,train
864,train
8403,train
10437,train
4533,train
5893,train
7576,train
1720,train
4394,train
10984,train
666,train
6325,train
2405,train
7381,train
2622,train
5900,train
3135,train
3048,train
3131,train
1559,train
5693,train
2823,train
729,train
4588,train
9658,train
11239,train
1047,train
89,train
5257,train
9883,train
7501,train
3546,train
2000,train
1286,train
5744,train
230,train
1721,train
9245,train
8807,train
5752,train
8886,train
3620,train
9383,train
3939,train
9445,train
10049,train
10792,train
7885,train
797,train
6712,train
1067,train
2447,train
3337,train
6791,train
7697,train
3038,train
8477,train
3444,train
10885,train
5167,train
1592,train
8242,train
8755,train
10088,train
9561,train
2074,train
9213,train
8159,train
1739,train
3914,train
4020,train
3261,train
7271,train
9272,train
7131,train
4028,train
2488,train
3362,train
1495,train
5614,train
5630,train
5049,train
5091,train
6949,train
10183,train
4950,train
5500,train
5128,train
5694,train
9978,train
11033,train
7898,train
2815,train
5229,train
2523,train
3792,train
4953,train
9169,train
3707,train
4025,train
3461,train
2665,train
4319,train
4501,train
2088,train
5840,train
6955,train
5822,train
4684,train
9746,train
3427,train
9427,train
9059,train
8908,train
4659,train
3903,train
1397,train
1274,train
10473,train
10513,train
9465,train
11214,train
7163,train
6281,train
5060,train
8093,train
11088,train
8851,train
8404,train
10192,train
3252,train
789,train
619,train
11254,train
535,train
1420,train
2052,train
1444,train
5844,train
9412,train
4686,train
10378,train
1769,train
3477,train
7164,train
8042,train
6515,train
4881,train
10802,train
8244,train
1071,train
2536,train
2138,train
7696,train
10907,train
3488,train
682,train
1851,train
10892,train
8690,train
11017,train
11027,train
8609,train
9536,train
3115,train
59,train
6557,train
3928,train
9426,train
6290,train
8164,train
3899,train
2489,train
8031,train
11070,train
3921,train
6997,train
6494,train
9409,train
9789,train
10508,train
7572,train
441,train
10865,train
3096,train
7290,train
7391,train
1466,train
3280,train
5907,train
3098,train
6073,train
6826,train
12,train
1114,train
3617,train
6864,train
8517,train
7149,train
11394,train
4113,train
6743,train
4417,train
3416,train
2218,train
839,train
5972,train
6668,train
744,train
11035,train
2347,train
3234,train
10529,train
5459,train
3940,train
7635,train
7237,train
918,train
9884,train
1210,train
8958,train
9916,train
1212,train
10586,train
7726,train
7525,train
2006,train
4731,train
7039,train
2220,train
8007,train
9015,train
2212,train
3173,train
5457,train
5313,train
1846,train
2485,train
9818,train
2368,train
5004,train
1091,train
6987,train
10313,train
2581,train
3201,train
2278,train
4750,train
1461,train
2377,train
2270,train
9765,train
6833,train
1416,train
3387,train
4706,train
9528,train
11147,train
5298,train
2708,train
6012,train
6581,train
2942,train
4274,train
11129,train
2723,train
11241,train
5157,train
4779,train
8877,train
9758,train
1121,train
543,train
4256,train
11273,train
9515,train
7383,train
9219,train
8719,train
11317,train
4060,train
928,train
1481,train
1756,train
5020,train
10457,train
9113,train
4591,train
9641,train
7906,train
6278,train
2867,train
3182,train
6609,train
857,train
6253,train
1491,train
5740,train
1806,train
7917,train
11171,train
3667,train
9727,train
7376,train
3571,train
50,train
10470,train
3054,train
7033,train
1833,train
9321,train
10503,train
3318,train
10884,train
8981,train
3031,train
11028,train
6067,train
1152,train
5471,train
8926,train
9252,train
4809,train
9215,train
8209,train
1277,train
10654,train
3634,train
389,train
2756,train
162,train
11179,train
9077,train
10708,train
4212,train
9102,train
11284,train
9201,train
623,train
5761,train
6029,train
8391,train
1104,train
7933,train
8406,train
4818,train
6643,train
4861,train
6425,train
7910,train
5820,train
8471,train
6342,train
951,train
5772,train
8677,train
7255,train
11264,train
6769,train
4674,train
7345,train
10594,train
3858,train
7403,train
7640,train
7605,train
1283,train
7317,train
10589,train
7754,train
7302,train
206,train
2983,train
1519,train
2078,train
2992,train
8251,train
8436,train
5981,train
10391,train
10037,train
11085,train
1883,train
7404,train
2332,train
2872,train
4008,train
6878,train
2739,train
3926,train
4872,train
3739,train
3119,train
11351,train
6748,train
1090,train
1617,train
6828,train
11104,train
7817,train
8838,train
8169,train
7048,train
8497,train
9981,train
7073,train
8562,train
2775,train
3066,train
7931,train
4466,train
1575,train
8728,train
9067,train
10737,train
11204,train
31,train
7553,train
375,train
10325,train
3095,train
6471,train
7026,train
4653,train
2651,train
8959,train
604,train
6527,train
2109,train
3439,train
8757,train
576,train
6182,train
7424,train
2686,train
10414,train
6906,train
291,train
1370,train
7921,train
10113,train
2976,train
3456,train
6564,train
2793,train
6509,train
1161,train
5503,train
8183,train
10617,train
10629,train
4796,train
7481,train
10924,train
10213,train
7085,train
5704,train
10229,train
3663,train
9332,train
763,train
6138,train
10016,train
7022,train
6640,train
8964,train
9053,train
6507,train
3892,train
850,train
6009,train
9152,train
3178,train
976,train
3199,train
620,train
4733,train
7401,train
2661,train
1313,train
735,train
10138,train
3770,train
6679,train
2914,train
11100,train
7803,train
9295,train
5136,train
4290,train
8106,train
9580,train
4604,train
4172,train
8651,train
181,train
7507,train
10648,train
5132,train
6157,train
9994,train
11335,train
8756,train
9416,train
6351,train
5776,train
8186,train
10978,train
10206,train
7972,train
11090,train
2789,train
1596,train
2541,train
1076,train
10231,train
3462,train
1069,train
815,train
214,train
3781,train
4541,train
3194,train
5803,train
8825,train
3994,train
6213,train
10439,train
10071,train
10188,train
9108,train
9926,train
5811,train
118,train
2841,train
6473,train
5930,train
11142,train
9513,train
8473,train
4619,train
6477,train
9413,train
5510,train
1240,train
1246,train
4032,train
4452,train
3272,train
10898,train
6030,train
9568,train
6578,train
10714,train
2963,train
495,train
7242,train
8945,train
3872,train
4527,train
3793,train
10066,train
8438,train
10224,train
9322,train
4787,train
10875,train
9879,train
3978,train
8563,train
517,train
7831,train
9398,train
4601,train
1489,train
10477,train
6403,train
2776,train
5078,train
467,train
8458,train
7535,train
3067,train
1078,train
6015,train
9728,train
8774,train
3177,train
6658,train
4606,train
4476,train
4261,train
10011,train
9004,train
798,train
5672,train
11067,train
6005,train
350,train
7051,train
7709,train
9828,train
392,train
6817,train
2016,train
1336,train
4552,train
3633,train
1430,train
6311,train
7494,train
10463,train
2158,train
7194,train
7129,train
6634,train
10078,train
8153,train
4481,train
7027,train
3611,train
1724,train
3908,train
5635,train
328,train
1365,train
346,train
2715,train
11392,train
3030,train
6701,train
1387,train
8061,train
4798,train
2448,train
6875,train
708,train
4231,train
11193,train
3735,train
6919,train
5390,train
8507,train
2965,train
9085,train
9878,train
4199,train
7611,train
337,train
3761,train
1116,train
1665,train
7720,train
2133,train
269,train
1541,train
11236,train
10091,train
1853,train
6063,train
8489,train
11242,train
11180,train
147,train
3801,train
539,train
10682,train
4321,train
2691,train
5017,train
4882,train
9074,train
7923,train
9663,train
6032,train
9723,train
6604,train
2521,train
806,train
6163,train
9328,train
5274,train
5538,train
43,train
10574,train
1236,train
629,train
5441,train
9830,train
1593,train
6910,train
9720,train
9576,train
1009,train
3499,train
701,train
9753,train
5522,train
7483,train
986,train
5727,train
7256,train
9965,train
9462,train
6247,train
5363,train
10105,train
8802,train
998,train
2632,train
11056,train
277,train
1747,train
6716,train
8269,train
8040,train
10207,train
7642,train
8395,train
3813,train
2287,train
5266,train
1630,train
6398,train
10551,train
8029,train
1567,train
4344,train
8794,train
10067,train
601,train
3127,train
4176,train
8284,train
3946,train
8097,train
4811,train
1921,train
5875,train
8311,train
2165,train
9701,train
2506,train
8608,train
3079,train
11175,train
8999,train
9685,train
10854,train
8840,train
4390,train
5542,train
1074,train
625,train
208,train
6585,train
10242,train
9834,train
9821,train
132,train
5067,train
1811,train
7870,train
4649,train
10069,train
1208,train
7825,train
10461,train
5401,train
3658,train
6678,train
7688,train
3839,train
4675,train
3328,train
9829,train
6017,train
7067,train
2540,train
7159,train
2079,train
2019,train
4842,train
10584,train
6907,train
11107,train
5999,train
2808,train
4997,train
4500,train
4054,train
9168,train
10846,train
10227,train
2443,train
10244,train
10162,train
3316,train
3746,train
2563,train
165,train
378,train
996,train
820,train
5570,train
9380,train
2178,train
5745,train
4553,train
5766,train
7579,train
7393,train
858,train
3489,train
10433,train
10146,train
3364,train
1757,train
215,train
3017,train
5335,train
6689,train
6598,train
6365,train
201,train
153,train
2334,train
4709,train
11361,train
937,train
4139,train
3758,train
2727,train
10625,train
3407,train
1869,train
8980,train
9936,train
3662,train
846,train
4428,train
10294,train
5098,train
8536,train
1988,train
5511,train
10059,train
3041,train
6174,train
3664,train
6810,train
2445,train
6823,train
1881,train
5230,train
6289,train
10534,train
10680,train
8722,train
10679,train
7848,train
1144,train
1688,train
310,train
8147,train
4698,train
8382,train
5868,train
5300,train
4771,train
5160,train
10248,train
4755,train
5823,train
7636,train
5174,train
6980,train
7822,train
8914,train
11349,train
6329,train
10976,train
704,train
3497,train
10356,train
6499,train
4015,train
10567,train
759,train
10576,train
7567,train
6676,train
3542,train
7823,train
4814,train
10538,train
396,train
2530,train
11137,train
4970,train
36,train
4949,train
6571,train
4200,train
7793,train
1650,train
10320,train
10293,train
7166,train
6656,train
7741,train
6310,train
1166,train
1905,train
990,train
6333,train
8920,train
764,train
1472,train
3549,train
1273,train
5214,train
3299,train
9193,train
7523,train
8673,train
10383,train
11342,train
10853,train
64,train
3647,train
10657,train
5606,train
9490,train
7596,train
8883,train
8213,train
3027,train
1622,train
9165,train
4922,train
4569,train
3398,train
4883,train
1073,train
5468,train
1600,train
1306,train
5325,train
525,train
5607,train
10428,train
5499,train
144,train
1505,train
6653,train
9811,train
7764,train
10166,train
6954,train
4057,train
6369,train
7773,train
8648,train
6607,train
10512,train
10734,train
3241,train
10102,train
3269,train
4855,train
10372,train
1980,train
750,train
727,train
799,train
964,train
2265,train
7784,train
9928,train
10443,train
3947,train
5256,train
4297,train
10469,train
197,train
10650,train
7539,train
10034,train
2664,train
3383,train
8769,train
10709,train
4962,train
4412,train
5353,train
1785,train
4023,train
1235,train
1309,train
4586,train
4251,train
5216,train
4175,train
5449,train
855,train
10315,train
7622,train
8652,train
10774,train
5945,train
10795,train
10177,train
6739,train
1101,train
9001,train
2167,train
5238,train
7981,train
4564,train
11064,train
5338,train
9395,train
9369,train
4824,train
5268,train
9055,train
313,train
3478,train
8565,train
5453,train
9925,train
5391,train
4430,train
4532,train
6202,train
7916,train
3525,train
4754,train
9756,train
6216,train
7691,train
28,train
3528,train
11257,train
4516,train
8760,train
4431,train
1057,train
3246,train
5005,train
10521,train
10760,train
3764,train
4268,train
4162,train
6284,train
5863,train
1642,train
9353,train
4600,train
8190,train
3442,train
9448,train
1573,train
9432,train
5611,train
1894,train
3944,train
2021,train
8343,train
7096,train
4235,train
8667,train
513,train
10630,train
6408,train
3873,train
11149,train
2235,train
5846,train
5171,train
2483,train
2986,train
10575,train
5773,train
3179,train
897,train
5164,train
7786,train
2179,train
8043,train
6663,train
10299,train
1142,train
11167,train
8527,train
8898,train
305,train
2865,train
5141,train
1699,train
1773,train
4013,train
6444,train
6809,train
1997,train
6127,train
9711,train
6068,train
1219,train
3768,train
10152,train
5565,train
8048,train
3002,train
2259,train
1743,train
3785,train
3385,train
7860,train
4333,train
2184,train
18,train
7326,train
4723,train
5455,train
8225,train
4395,train
4222,train
1372,train
4269,train
8211,train
103,train
6638,train
503,train
9285,train
3138,train
6835,train
1408,train
11357,train
39,train
7115,train
10582,train
8820,train
1004,train
9311,train
2920,train
4411,train
5717,train
10347,train
119,train
1515,train
8740,train
7982,train
7835,train
6314,train
3678,train
2799,train
4975,train
3101,train
6094,train
5317,train
1172,train
2043,train
9407,train
491,train
5222,train
1856,train
1715,train
6655,train
9146,train
5093,train
7482,train
7714,train
6713,train
7762,train
3819,train
2080,train
8139,train
6846,train
10566,train
2046,train
9563,train
4617,train
7654,train
2598,train
6894,train
3630,train
9188,train
3593,train
5661,train
5448,train
6085,train
643,train
8389,train
6693,train
10493,train
3714,train
3021,train
7133,train
10547,train
3484,train
129,train
7770,train
1604,train
10745,train
5712,train
9106,train
4889,train
3818,train
5312,train
7223,train
6109,train
6540,train
2850,train
11230,train
966,train
10797,train
2788,train
916,train
2345,train
7309,train
8133,train
4220,train
11368,train
5885,train
2115,train
9457,train
1542,train
390,train
2798,train
10824,train
6210,train
3026,train
11279,train
4602,train
7384,train
8787,train
947,train
1419,train
9704,train
2298,train
272,train
7497,train
9787,train
4493,train
10639,train
671,train
10830,train
3377,train
8118,train
5896,train
4244,train
2555,train
10831,train
9430,train
5653,train
3146,train
593,train
7344,train
11060,train
2300,train
6667,train
7441,train
5738,train
9373,train
8492,train
6006,train
5944,train
7995,train
418,train
10017,train
1794,train
587,train
10282,train
11370,train
3050,train
8136,train
9018,train
8564,train
6916,train
10672,train
630,train
108,train
10781,train
7103,train
1299,train
10937,train
887,train
2637,train
1887,train
1022,train
1546,train
74,train
7970,train
4710,train
1704,train
7957,train
5224,train
4593,train
8332,train
9044,train
5210,train
11143,train
7978,train
7791,train
9337,train
325,train
11208,train
6250,train
11381,train
9054,train
6390,train
8895,train
8090,train
9071,train
5527,train
1330,train
6093,train
11046,train
2097,train
1655,train
4918,train
3024,train
1813,train
2141,train
2221,train
9998,train
5555,train
10633,train
719,train
2183,train
274,train
6804,train
5637,train
4350,train
270,train
5046,train
7442,train
7056,train
4690,train
7920,train
5940,train
9023,train
2998,train
4263,train
9275,train
7143,train
9955,train
5293,train
8246,train
3235,train
7744,train
8576,train
7999,train
9591,train
10778,train
737,train
5076,train
9078,train
9670,train
3674,train
8427,train
5935,train
4461,train
1383,train
10522,train
7028,train
5992,train
6989,train
3609,train
9974,train
1610,train
2495,train
9775,train
3039,train
4422,train
7306,train
11294,train
1949,train
3083,train
194,train
2157,train
4155,train
19,train
3684,train
6774,train
8783,train
8815,train
10208,train
10861,train
5419,train
5350,train
2384,train
7029,train
5937,train
7913,train
8121,train
10375,train
6705,train
5835,train
7581,train
10511,train
9084,train
10290,train
2894,train
7934,train
95,train
9346,train
6673,train
11406,train
9024,train
2601,train
7719,train
1591,train
4677,train
959,train
2838,train
4351,train
34,train
1540,train
8660,train
164,train
4691,train
9262,train
10509,train
4843,train
3526,train
7856,train
10982,train
8050,train
4992,train
11125,train
617,train
950,train
5465,train
4562,train
8188,train
10379,train
1891,train
5436,train
930,train
10543,train
11080,train
3619,train
476,train
1550,train
536,train
1348,train
6039,train
4681,train
2029,train
2314,train
1135,train
5402,train
1181,train
6391,train
451,train
1381,train
1032,train
4948,train
9440,train
196,train
5053,train
11213,train
4309,train
7280,train
9622,train
969,train
8724,train
1675,train
6113,train
8248,train
1081,train
8457,train
4285,train
6107,train
1602,train
3557,train
8036,train
5977,train
10882,train
2181,train
3346,train
5877,train
5345,train
452,train
7068,train
504,train
3300,train
4946,train
1169,train
7126,train
8982,train
10476,train
8909,train
11263,train
4519,train
1402,train
11407,train
1239,train
2545,train
5142,train
5016,train
9963,train
6020,train
8904,train
7109,train
4343,train
10111,train
4799,train
11158,train
9229,train
4130,train
6383,train
5103,train
8642,train
888,train
7360,train
6243,train
1799,train
1196,train
7733,train
2094,train
2940,train
1611,train
6615,train
7337,train
423,train
5254,train
4381,train
8649,train
6293,train
7779,train
6629,train
3904,train
8672,train
8973,train
688,train
7601,train
5056,train
7110,train
10536,train
5966,train
6291,train
4638,train
861,train
4795,train
1913,train
87,train
1823,train
167,train
1340,train
5583,train
8307,train
7965,train
4869,train
10806,train
2022,train
753,train
528,train
6162,train
145,train
3493,train
7106,train
4386,train
10060,train
9144,train
186,train
8955,train
4756,train
150,train
8545,train
10507,train
5203,train
4866,train
7346,train
1035,train
1157,train
9099,train
8450,train
1627,train
6089,train
1923,train
7876,train
10200,train
3698,train
4947,train
8476,train
7282,train
4572,train
9777,train
7065,train
5075,train
2794,train
1140,train
10573,train
2191,train
6364,train
10789,train
3736,train
8530,train
3408,train
9791,train
2237,train
11047,train
2741,train
6144,train
3275,train
1279,train
8041,train
2147,train
2311,train
10555,train
2725,train
8178,train
367,train
9261,train
1828,train
3621,train
2852,train
8729,train
10038,train
2746,train
7300,train
7411,train
3081,train
1718,train
2480,train
5071,train
8850,train
10580,train
4288,train
1187,train
10286,train
9712,train
7734,train
7954,train
3847,train
595,train
7639,train
7804,train
6046,train
1099,train
7372,train
1531,train
3249,train
8607,train
11120,train
9927,train
4550,train
8717,train
8726,train
1028,train
898,train
5213,train
3550,train
10226,train
8998,train
6443,train
4482,train
1229,train
1705,train
5567,train
3204,train
5063,train
1437,train
8523,train
2513,train
2231,train
3004,train
3993,train
987,train
4356,train
347,train
2670,train
1864,train
6990,train
8194,train
1568,train
10947,train
2295,train
284,train
10021,train
2564,train
5033,train
6075,train
9930,train
11221,train
1957,train
2949,train
814,train
4358,train
3378,train
10308,train
9087,train
2561,train
4523,train
10233,train
9593,train
10698,train
3498,train
9240,train
10178,train
11044,train
8805,train
2758,train
642,train
9542,train
10123,train
7499,train
11399,train
2978,train
3150,train
3470,train
10911,train
11334,train
4124,train
9569,train
9564,train
728,train
5971,train
4813,train
8364,train
5610,train
10455,train
3399,train
4831,train
2683,train
2059,train
2996,train
10803,train
11427,train
2271,train
5177,train
10219,train
2896,train
9628,train
8696,train
4827,train
5819,train
7761,train
6843,train
9635,train
5867,train
5634,train
10301,train
3725,train
7694,train
9707,train
7419,train
2556,train
10243,train
8128,train
10777,train
4217,train
6865,train
9529,train
10413,train
5965,train
1459,train
8961,train
8479,train
4898,train
9716,train
6077,train
9171,train
2658,train
2879,train
3476,train
2040,train
3936,train
6338,train
5415,train
10730,train
11032,train
2592,train
7866,train
6420,train
4223,train
5433,train
10798,train
288,train
9175,train
327,train
486,train
7645,train
9312,train
6934,train
1241,train
1752,train
120,train
3893,train
1620,train
10619,train
4769,train
2936,train
5009,train
9521,train
2717,train
5586,train
1991,train
9951,train
1947,train
3195,train
3547,train
5179,train
5193,train
2462,train
8891,train
9988,train
10014,train
4002,train
6279,train
1553,train
1108,train
1535,train
475,train
1059,train
4357,train
739,train
6534,train
938,train
9187,train
583,train
8814,train
2241,train
9662,train
2784,train
5172,train
10345,train
6312,train
5474,train
1745,train
1368,train
8708,train
6899,train
9180,train
4111,train
8771,train
10946,train
8219,train
4656,train
9950,train
5916,train
1112,train
9793,train
4306,train
3395,train
5557,train
7377,train
4641,train
163,train
9098,train
10000,train
5129,train
4805,train
6740,train
10747,train
9659,train
2982,train
4075,train
7357,train
1631,train
10236,train
242,train
4828,train
1681,train
4680,train
11379,train
4429,train
1457,train
5829,train
4635,train
2478,train
6019,train
8591,train
10725,train
4284,train
5308,train
1545,train
4906,train
4382,train
1976,train
847,train
3565,train
2268,train
113,train
9418,train
237,train
4363,train
1928,train
11071,train
7941,train
5984,train
8686,train
3018,train
422,train
2056,train
2432,train
8124,train
3310,train
4494,train
3681,train
3411,train
8546,train
1027,train
2843,train
7666,train
5182,train
4841,train
3941,train
1384,train
5163,train
4957,train
9961,train
812,train
428,train
2553,train
11316,train
2918,train
3369,train
9042,train
3236,train
342,train
1449,train
7261,train
8337,train
5734,train
639,train
9579,train
8376,train
4647,train
2993,train
6708,train
9559,train
9686,train
8360,train
10525,train
8661,train
6944,train
10904,train
2997,train
8655,train
1946,train
7820,train
10820,train
8177,train
2655,train
7795,train
7943,train
1245,train
10886,train
5080,train
9334,train
4794,train
8525,train
5396,train
4857,train
1793,train
11235,train
8014,train
4467,train
8837,train
3538,train
6245,train
10285,train
2427,train
5221,train
6317,train
9577,train
11293,train
9892,train
3046,train
9598,train
6767,train
457,train
9972,train
8638,train
9584,train
10390,train
11389,train
7648,train
10851,train
8176,train
3574,train
7845,train
9763,train
2844,train
6666,train
6395,train
10004,train
5342,train
2132,train
35,train
4634,train
3099,train
7348,train
7990,train
6611,train
1628,train
9914,train
10082,train
1633,train
10661,train
2827,train
2381,train
711,train
3871,train
8240,train
3107,train
1680,train
1227,train
2197,train
9562,train
30,train
4716,train
1266,train
903,train
5871,train
10845,train
9687,train
6007,train
3575,train
6707,train
5651,train
9792,train
6639,train
115,train
2695,train
5809,train
4473,train
6610,train
10358,train
3207,train
234,train
10232,train
10825,train
6158,train
5424,train
11128,train
2353,train
3060,train
813,train
3181,train
340,train
8187,train
6533,train
8978,train
5485,train
4702,train
8975,train
7792,train
8650,train
9750,train
420,train
3567,train
6451,train
6283,train
2975,train
456,train
7450,train
3986,train
8384,train
10153,train
6947,train
9131,train
9103,train
9869,train
1524,train
11057,train
7614,train
5539,train
4255,train
10622,train
5022,train
2818,train
5876,train
8452,train
7752,train
10918,train
7583,train
1906,train
3049,train
7846,train
10787,train
8868,train
8019,train
6589,train
6556,train
2042,train
1664,train
8058,train
10062,train
9810,train
553,train
7759,train
5530,train
6498,train
2372,train
7266,train
11248,train
8495,train
3481,train
406,train
5921,train
8629,train
1623,train
10421,train
5393,train
10675,train
4204,train
2766,train
10204,train
1346,train
9354,train
10495,train
3443,train
9492,train
7739,train
645,train
4490,train
9118,train
3231,train
8764,train
11318,train
1482,train
9651,train
10108,train
6439,train
9251,train
11245,train
7713,train
4030,train
9527,train
5347,train
4631,train
884,train
5593,train
1082,train
11155,train
4170,train
8644,train
1115,train
8834,train
1867,train
7196,train
1149,train
2728,train
1918,train
11216,train
9308,train
8408,train
8081,train
10783,train
143,train
6636,train
9236,train
11238,train
326,train
3910,train
1189,train
2840,train
8144,train
8839,train
5851,train
7414,train
2439,train
11297,train
5329,train
6968,train
2579,train
1029,train
1478,train
5134,train
9823,train
7142,train
6149,train
1347,train
11012,train
61,train
4353,train
4510,train
97,train
10723,train
4238,train
6917,train
2303,train
2534,train
2611,train
9258,train
1259,train
11252,train
4728,train
11345,train
1603,train
7279,train
1941,train
660,train
4283,train
9361,train
4531,train
5622,train
148,train
3733,train
222,train
3424,train
1649,train
4110,train
3396,train
1193,train
10175,train
1755,train
699,train
6475,train
9737,train
6854,train
4253,train
9754,train
10046,train
4016,train
3254,train
773,train
3311,train
2861,train
11083,train
2516,train
3078,train
10940,train
4580,train
324,train
3040,train
7998,train
3859,train
4885,train
9552,train
6064,train
7721,train
9323,train
11186,train
8907,train
9291,train
7716,train
1106,train
6242,train
949,train
1556,train
5008,train
8422,train
10397,train
3008,train
6361,train
440,train
5333,train
7730,train
7097,train
8062,train
4271,train
7869,train
958,train
5514,train
6538,train
4837,train
5902,train
3209,train
11141,train
5975,train
4752,train
2666,train
4208,train
9673,train
2398,train
10998,train
8033,train
6047,train
7540,train
6189,train
4260,train
10721,train
7054,train
11259,train
7667,train
761,train
5931,train
2621,train
3330,train
8342,train
6114,train
881,train
7826,train
1982,train
4084,train
10962,train
11024,train
4407,train
853,train
2219,train
4899,train
1486,train
4112,train
4944,train
8154,train
2510,train
4483,train
9732,train
5698,train
2194,train
4453,train
300,train
6318,train
6023,train
11355,train
7437,train
7447,train
6975,train
3324,train
878,train
4618,train
1025,train
8073,train
25,train
6480,train
7485,train
7452,train
2459,train
10056,train
1396,train
1862,train
3618,train
2710,train
9587,train
2210,train
1608,train
6198,train
11113,train
8946,train
6410,train
3660,train
557,train
10965,train
8394,train
7324,train
1908,train
10678,train
6851,train
3368,train
6013,train
3680,train
7429,train
11161,train
5235,train
4031,train
9800,train
4687,train
1963,train
7020,train
2437,train
11416,train
8200,train
7505,train
4272,train
3656,train
1827,train
3142,train
1865,train
3971,train
2624,train
7408,train
8751,train
2870,train
11050,train
8555,train
4630,train
10941,train
5705,train
482,train
3419,train
3829,train
490,train
8835,train
1860,train
6450,train
7546,train
6237,train
1206,train
10136,train
2228,train
684,train
7743,train
1431,train
1291,train
10250,train
254,train
9693,train
5355,train
5592,train
2724,train
9270,train
3708,train
7188,train
3163,train
7747,train
10790,train
3515,train
7949,train
4954,train
5065,train
2615,train
6430,train
9237,train
9933,train
2599,train
6631,train
9612,train
9669,train
10101,train
6117,train
5716,train
10167,train
4823,train
4042,train
7091,train
9971,train
2335,train
9819,train
7427,train
2820,train
770,train
8781,train
10711,train
3455,train
9358,train
3863,train
8993,train
8712,train
2500,train
2684,train
5477,train
139,train
11042,train
5286,train
3627,train
10557,train
5838,train
502,train
563,train
11159,train
9248,train
2786,train
9371,train
7518,train
6294,train
8110,train
10024,train
6749,train
10748,train
3786,train
6552,train
706,train
2966,train
333,train
3091,train
6819,train
2018,train
1571,train
1523,train
1850,train
446,train
3290,train
8309,train
4903,train
827,train
8114,train
228,train
1080,train
5295,train
9749,train
4491,train
3342,train
8635,train
9386,train
3287,train
10866,train
10485,train
651,train
2888,train
3894,train
2572,train
2856,train
10546,train
9399,train
1353,train
4770,train
1948,train
3263,train
7420,train
7248,train
5617,train
9692,train
5252,train
10558,train
465,train
7095,train
2813,train
445,train
6034,train
8917,train
11298,train
10209,train
10172,train
7597,train
3587,train
10259,train
2392,train
7788,train
10255,train
6309,train
2456,train
2024,train
1165,train
10602,train
7167,train
7663,train
10867,train
3692,train
6951,train
4542,train
6543,train
5031,train
10125,train
7974,train
7394,train
8459,train
8873,train
4308,train
11174,train
7312,train
2390,train
7321,train
9436,train
1897,train
5770,train
94,train
1413,train
8725,train
3540,train
1685,train
9182,train
10144,train
2464,train
8991,train
1654,train
2524,train
7071,train
2286,train
5144,train
7389,train
7966,train
914,train
9230,train
10636,train
10202,train
1669,train
6446,train
9595,train
8715,train
1410,train
3257,train
3569,train
6209,train
6637,train
6166,train
5150,train
2811,train
9411,train
8723,train
10289,train
7193,train
4518,train
75,train
11346,train
7661,train
597,train
6812,train
3712,train
2395,train
141,train
6389,train
3045,train
9760,train
3343,train
8875,train
9826,train
7652,train
2953,train
7692,train
8826,train
10193,train
9688,train
2394,train
6872,train
1460,train
10500,train
485,train
942,train
11195,train
9769,train
2465,train
4044,train
6271,train
4021,train
1079,train
10076,train
791,train
1562,train
9318,train
3134,train
5581,train
306,train
2737,train
10448,train
11189,train
9907,train
5962,train
6632,train
4667,train
9382,train
5678,train
9094,train
9021,train
6065,train
4923,train
10319,train
3775,train
6135,train
3174,train
5516,train
10005,train
6143,train
8466,train
5110,train
10380,train
5525,train
840,train
5561,train
1456,train
9223,train
9073,train
7771,train
608,train
493,train
7787,train
3726,train
3345,train
6918,train
3291,train
5783,train
8498,train
4448,train
1097,train
17,train
11315,train
9871,train
1709,train
2654,train
1443,train
3400,train
11251,train
10738,train
3437,train
407,train
11277,train
9033,train
3010,train
9391,train
2503,train
3494,train
7412,train
4347,train
3845,train
4897,train
1275,train
11124,train
5392,train
6789,train
2477,train
5960,train
9510,train
957,train
5095,train
4608,train
3688,train
6503,train
4700,train
2476,train
7197,train
1953,train
9986,train
11157,train
3831,train
10281,train
11281,train
3929,train
4781,train
6489,train
9079,train
9006,train
506,train
8614,train
5117,train
11097,train
7902,train
7015,train
7588,train
2123,train
10001,train
9980,train
5426,train
7090,train
3596,train
6787,train
9029,train
8966,train
6623,train
10118,train
8855,train
2290,train
610,train
9939,train
81,train
7171,train
4018,train
769,train
2339,train
5358,train
7141,train
4904,train
1209,train
2504,train
778,train
3559,train
7251,train
7392,train
7325,train
1696,train
6814,train
8327,train
4890,train
3469,train
4621,train
609,train
8874,train
1262,train
5373,train
1877,train
8125,train
9287,train
4442,train
11383,train
4455,train
8472,train
6349,train
2700,train
6274,train
3911,train
6260,train
6755,train
8123,train
10350,train
2011,train
848,train
7156,train
6056,train
1298,train
2069,train
9880,train
10800,train
7138,train
9271,train
6229,train
3496,train
9439,train
3487,train
2551,train
1613,train
6591,train
6062,train
4570,train
4784,train
1815,train
4713,train
6616,train
1659,train
7260,train
10458,train
674,train
6297,train
10899,train
10050,train
1859,train
7955,train
7445,train
5895,train
2618,train
1943,train
10051,train
4782,train
10702,train
385,train
124,train
1612,train
6796,train
372,train
3501,train
5908,train
4980,train
3687,train
4187,train
4267,train
1509,train
8499,train
6816,train
11172,train
439,train
11163,train
6407,train
10155,train
358,train
8598,train
8351,train
10077,train
10849,train
2333,train
220,train
4624,train
5181,train
8400,train
2570,train
2202,train
10025,train
7976,train
10279,train
945,train
298,train
7417,train
4152,train
11286,train
10130,train
4845,train
7821,train
7842,train
10995,train
627,train
5673,train
2493,train
9075,train
6550,train
9616,train
2318,train
1051,train
7794,train
7,train
6078,train
11376,train
6266,train
3165,train
10333,train
9817,train
5655,train
6770,train
3534,train
9610,train
4775,train
5624,train
8808,train
10910,train
11123,train
11086,train
972,train
10263,train
3065,train
5746,train
447,train
1355,train
1324,train
8552,train
5547,train
3338,train
7940,train
7465,train
7775,train
10302,train
8866,train
5447,train
6511,train
10359,train
4007,train
3848,train
5759,train
146,train
1703,train
542,train
2913,train
3100,train
9284,train
7987,train
7472,train
323,train
9123,train
7269,train
1031,train
714,train
8278,train
1983,train
8695,train
7861,train
895,train
10618,train
10363,train
226,train
5958,train
7070,train
9870,train
1154,train
574,train
1432,train
9567,train
3154,train
4876,train
5278,train
11326,train
7275,train
4998,train
2585,train
7968,train
7731,train
4705,train
8746,train
1198,train
3074,train
8004,train
8624,train
6132,train
126,train
1848,train
1729,train
2258,train
2520,train
6305,train
1005,train
2284,train
7210,train
6741,train
3909,train
842,train
3392,train
8896,train
10728,train
8941,train
4262,train
1670,train
7873,train
9864,train
621,train
5191,train
4875,train
9246,train
266,train
9097,train
9475,train
8841,train
3423,train
9824,train
10641,train
8843,train
6958,train
8913,train
2552,train
4074,train
10269,train
9796,train
3840,train
3860,train
1734,train
3879,train
6433,train
11038,train
1789,train
6904,train
9522,train
8812,train
1886,train
9320,train
9631,train
11302,train
11127,train
10951,train
3689,train
4389,train
1791,train
3122,train
9539,train
9761,train
3800,train
8263,train
8425,train
8189,train
3448,train
6323,train
4632,train
9049,train
1974,train
7911,train
9816,train
6700,train
8792,train
5566,train
3415,train
9708,train
3344,train
5351,train
870,train
1598,train
3278,train
3584,train
7532,train
2151,train
5991,train
6282,train
9438,train
8893,train
10341,train
10750,train
2846,train
586,train
487,train
6148,train
1996,train
1088,train
4185,train
8613,train
9973,train
331,train
7049,train
4250,train
4078,train
8684,train
4474,train
9292,train
648,train
5044,train
9467,train
5989,train
7808,train
8262,train
9419,train
5883,train
8633,train
5324,train
3644,train
2229,train
9466,train
8657,train
2075,train
10901,train
8554,train
3649,train
10094,train
11036,train
3938,train
7449,train
2787,train
6456,train
3145,train
9228,train
9007,train
2608,train
6038,train
5755,train
9509,train
5682,train
7651,train
4092,train
7323,train
10515,train
3953,train
3577,train
549,train
3995,train
2679,train
10330,train
3510,train
7841,train
10913,train
9620,train
6227,train
424,train
7099,train
971,train
11178,train
5114,train
8025,train
1118,train
5952,train
112,train
2716,train
8249,train
4153,train
11369,train
8829,train
7864,train
1645,train
10368,train
1560,train
1158,train
8720,train
8950,train
5559,train
4654,train
6698,train
4227,train
5145,train
2847,train
8567,train
8636,train
2662,train
565,train
10627,train
3222,train
8625,train
1288,train
9803,train
11081,train
529,train
9557,train
1807,train
1687,train
2216,train
6079,train
4487,train
2020,train
10417,train
3169,train
1234,train
5387,train
9695,train
5069,train
4438,train
8962,train
10385,train
5062,train
29,train
7888,train
7790,train
6362,train
8693,train
5339,train
913,train
3722,train
2860,train
9886,train
9348,train
471,train
1052,train
9040,train
9341,train
6464,train
7785,train
9935,train
8599,train
5404,train
10070,train
6754,train
3868,train
40,train
4248,train
5652,train
7180,train
8340,train
258,train
6051,train
3762,train
9987,train
1672,train
1971,train
3755,train
10900,train
1447,train
6825,train
544,train
885,train
6486,train
1197,train
784,train
1530,train
10879,train
4763,train
2082,train
275,train
2176,train
5484,train
8132,train
10669,train
2755,train
4224,train
4205,train
3230,train
9243,train
749,train
2275,train
6487,train
5628,train
8195,train
1671,train
10631,train
9273,train
4662,train
10697,train
10,train
9278,train
4209,train
3075,train
7524,train
7292,train
614,train
3885,train
4341,train
7400,train
527,train
2999,train
8924,train
667,train
3553,train
6204,train
4024,train
2671,train
9449,train
7350,train
2712,train
10057,train
10058,train
2748,train
6021,train
5862,train
3600,train
7331,train
1338,train
9863,train
3551,train
5429,train
3350,train
5645,train
10343,train
2418,train
9524,train
8291,train
3709,train
2067,train
6265,train
7529,train
5696,train
2885,train
6732,train
8577,train
2419,train
205,train
76,train
6619,train
4460,train
10683,train
11031,train
2702,train
3355,train
956,train
5707,train
9483,train
9868,train
9158,train
8329,train
2102,train
2778,train
4373,train
9782,train
8306,train
5562,train
819,train
4924,train
10392,train
111,train
8085,train
2112,train
917,train
5666,train
1895,train
3410,train
9269,train
1343,train
7676,train
7514,train
5677,train
6491,train
2945,train
10205,train
2745,train
7924,train
7044,train
4105,train
11417,train
3742,train
8261,train
2571,train
11023,train
2310,train
5914,train
8170,train
9517,train
2765,train
8295,train
2087,train
5247,train
6710,train
2239,train
7249,train
3992,train
10604,train
5466,train
8791,train
10816,train
6721,train
5702,train
7105,train
2440,train
4730,train
5743,train
3185,train
3117,train
3861,train
6360,train
7243,train
10588,train
4210,train
9836,train
4090,train
273,train
8670,train
6733,train
2690,train
10754,train
10185,train
6437,train
1360,train
481,train
1389,train
8212,train
9504,train
9957,train
3428,train
5731,train
3262,train
4396,train
11329,train
10199,train
9572,train
5968,train
6752,train
8286,train
9571,train
802,train
5354,train
7627,train
6859,train
10809,train
9065,train
10704,train
8543,train
920,train
6033,train
5446,train
5211,train
9533,train
10634,train
793,train
7598,train
6709,train
1452,train
8869,train
3053,train
2429,train
11105,train
11133,train
8910,train
6847,train
202,train
2947,train
10888,train
4936,train
4599,train
7426,train
4640,train
2968,train
10532,train
1434,train
9840,train
10353,train
11343,train
6885,train
3625,train
1287,train
8089,train
1727,train
4819,train
9138,train
7983,train
8528,train
7811,train
7314,train
2576,train
2014,train
3748,train
1513,train
4328,train
1816,train
877,train
7492,train
9643,train
4625,train
10921,train
1170,train
2203,train
9217,train
9862,train
2273,train
9847,train
8204,train
10278,train
5192,train
9463,train
7108,train
9798,train
4242,train
9190,train
3579,train
1766,train
4380,train
5450,train
11372,train
11194,train
2162,train
510,train
7707,train
1511,train
941,train
4159,train
6558,train
1345,train
6620,train
2760,train
6367,train
1492,train
9130,train
6574,train
11132,train
2987,train
10671,train
7352,train
3650,train
3102,train
2304,train
433,train
1942,train
8193,train
1334,train
1826,train
4616,train
2991,train
1148,train
8778,train
8230,train
3166,train
7736,train
11243,train
2703,train
9211,train
3898,train
8077,train
2617,train
10600,train
10645,train
4726,train
8142,train
3505,train
6521,train
9026,train
11000,train
1893,train
5161,train
4696,train
9192,train
3661,train
10238,train
159,train
414,train
3502,train
7001,train
9372,train
9378,train
9566,train
2402,train
3648,train
2007,train
615,train
3264,train
10932,train
125,train
1128,train
3999,train
6058,train
8610,train
6868,train
1940,train
3749,train
3092,train
247,train
10114,train
3304,train
7526,train
1055,train
4257,train
4303,train
5147,train
603,train
10026,train
4592,train
9613,train
6397,train
8811,train
1167,train
8687,train
8182,train
4011,train
359,train
2470,train
6912,train
521,train
2172,train
611,train
2100,train
2346,train
7728,train
5483,train
5869,train
10626,train
6400,train
1138,train
5382,train
9639,train
281,train
4575,train
8375,train
3763,train
3503,train
7075,train
2369,train
6891,train
9234,train
7254,train
2881,train
975,train
1777,train
8490,train
6130,train
5724,train
7173,train
2853,train
8718,train
7732,train
2312,train
11303,train
10852,train
8906,train
2720,train
1762,train
10635,train
569,train
9590,train
6074,train
6179,train
10054,train
8402,train
9655,train
5924,train
1658,train
9960,train
9129,train
1083,train
1929,train
889,train
8699,train
8105,train
658,train
2260,train
5629,train
3675,train
4521,train
702,train
3691,train
8207,train
2327,train
6252,train
10647,train
6215,train
8312,train
6737,train
1333,train
1186,train
5206,train
5990,train
7897,train
7024,train
7872,train
11397,train
8180,train
6977,train
824,train
4144,train
10139,train
9196,train
2413,train
7813,train
11400,train
9280,train
5791,train
3812,train
11332,train
1270,train
11151,train
287,train
6613,train
4317,train
1303,train
10074,train
10539,train
4558,train
1646,train
7580,train
7915,train
6681,train
10837,train
2450,train
449,train
6905,train
9919,train
11211,train
1798,train
2379,train
7207,train
3990,train
981,train
4305,train
10478,train
11418,train
7725,train
4574,train
2468,train
1529,train
339,train
9340,train
5292,train
9601,train
218,train
2753,train
5796,train
8352,train
10749,train
3147,train
7476,train
8788,train
4559,train
9184,train
709,train
7989,train
8997,train
246,train
2363,train
5417,train
1912,train
5377,train
7682,train
3042,train
3433,train
6510,train
1448,train
4739,train
1499,train
7371,train
7855,train
9300,train
5154,train
2735,train
9031,train
6248,train
4051,train
5418,train
875,train
10297,train
3876,train
8782,train
9985,train
1228,train
9403,train
8051,train
2223,train
6517,train
11087,train
6914,train
349,train
10902,train
2957,train
11382,train
691,train
9668,train
11265,train
5596,train
1543,train
6453,train
5948,train
8878,train
5374,train
9807,train
5834,train
5019,train
1132,train
7684,train
9342,train
3013,train
4867,train
93,train
11353,train
2263,train
2891,train
6008,train
6412,train
7912,train
5789,train
9949,train
4479,train
8003,train
10241,train
2257,train
10444,train
5388,train
2830,train
10196,train
6821,train
4465,train
7036,train
7430,train
6043,train
271,train
5828,train
1109,train
10349,train
7347,train
5367,train
7554,train
6845,train
2822,train
3916,train
6505,train
217,train
1415,train
3961,train
4807,train
1888,train
5927,train
9969,train
11311,train
352,train
11217,train
5061,train
3783,train
4737,train
9205,train
8897,train
838,train
5299,train
965,train
2117,train
86,train
4623,train
11006,train
8849,train
2973,train
9599,train
2313,train
6735,train
10601,train
4567,train
7662,train
2933,train
11203,train
5889,train
1054,train
6363,train
2990,train
11320,train
9618,train
1094,train
395,train
7550,train
3640,train
600,train
2463,train
3136,train
9702,train
438,train
7361,train
1325,train
11323,train
2816,train
9605,train
5884,train
8705,train
7875,train
3576,train
7209,train
11160,train
1691,train
6188,train
5817,train
2054,train
7571,train
3003,train
9519,train
10514,train
3339,train
8298,train
8560,train
3637,train
5973,train
3659,train
7245,train
4137,train
8474,train
77,train
10606,train
8698,train
638,train
9331,train
6225,train
1205,train
4972,train
3598,train
2457,train
3796,train
6829,train
5244,train
3889,train
6514,train
6501,train
6052,train
2859,train
7466,train
10160,train
5741,train
2139,train
9464,train
3202,train
1683,train
2714,train
6057,train
1676,train
2878,train
6428,train
717,train
7758,train
4043,train
2422,train
11205,train
5281,train
4067,train
283,train
7715,train
3266,train
6368,train
1409,train
4695,train
10767,train
10164,train
2845,train
9134,train
1574,train
7219,train
9984,train
5414,train
5518,train
6066,train
10288,train
426,train
4847,train
6937,train
6995,train
7604,train
6696,train
4768,train
8538,train
1674,train
365,train
10722,train
1037,train
8160,train
1056,train
5227,train
6760,train
2639,train
4981,train
7909,train
9209,train
6241,train
10999,train
2070,train
3966,train
10733,train
8013,train
10948,train
2248,train
7003,train
6848,train
4524,train
4511,train
3949,train
9008,train
3284,train
10194,train
9726,train
10692,train
9226,train
2889,train
11013,train
4682,train
10689,train
6566,train
2217,train
3434,train
556,train
2518,train
9385,train
6152,train
3349,train
8243,train
2805,train
469,train
6734,train
2187,train
5988,train
7273,train
9675,train
4293,train
4538,train
8198,train
9831,train
8589,train
2606,train
10959,train
4931,train
8856,train
140,train
2323,train
2234,train
11206,train
5231,train
1561,train
6827,train
2321,train
4994,train
10823,train
880,train
6603,train
5199,train
9748,train
6164,train
2206,train
6650,train
3005,train
4666,train
7277,train
138,train
10041,train
925,train
6262,train
523,train
2063,train
9104,train
6996,train
2663,train
7533,train
166,train
4421,train
7184,train
6597,train
5685,train
7473,train
2283,train
9920,train
84,train
1969,train
6112,train
3900,train
1878,train
11001,train
8911,train
508,train
10784,train
8773,train
3159,train
5790,train
8108,train
1945,train
6605,train
1710,train
7402,train
4094,train
3012,train
10409,train
6146,train
10673,train
6785,train
4010,train
3001,train
1954,train
5287,train
8510,train
10322,train
2575,train
4027,train
6404,train
4214,train
10676,train
3468,train
184,train
4759,train
1150,train
5590,train
10222,train
5070,train
7333,train
7944,train
4627,train
954,train
7700,train
11164,train
809,train
6884,train
9982,train
435,train
5237,train
4266,train
3251,train
11019,train
3683,train
3877,train
5521,train
8037,train
3192,train
8500,train
5640,train
1453,train
10983,train
10975,train
2855,train
10693,train
8282,train
3931,train
9722,train
6316,train
4496,train
2498,train
9683,train
8158,train
7206,train
10306,train
1936,train
5664,train
8743,train
7094,train
8931,train
4836,train
6728,train
752,train
7503,train
9889,train
7703,train
6497,train
7059,train
2113,train
3356,train
7174,train
4315,train
7766,train
5870,train
2414,train
1931,train
7936,train
2472,train
4915,train
8321,train
6212,train
10700,train
8421,train
7349,train
11022,train
1761,train
5297,train
10607,train
1404,train
9282,train
4945,train
9446,train
1301,train
9890,train
7234,train
2090,train
9666,train
304,train
5626,train
9241,train
9210,train
2101,train
9010,train
5255,train
1483,train
3250,train
5615,train
3563,train
8852,train
1220,train
2352,train
1995,train
2344,train
2915,train
9121,train
2985,train
4792,train
7244,train
516,train
1708,train
8823,train
10161,train
5408,train
6233,train
100,train
7418,train
6286,train
9259,train
4485,train
833,train
2923,train
104,train
3289,train
9647,train
6270,train
1801,train
9849,train
8179,train
8355,train
2677,train
2874,train
9630,train
11122,train
4838,train
2907,train
9815,train
6181,train
10432,train
1668,train
10022,train
6434,train
804,train
2233,train
2937,train
1296,train
2743,train
9887,train
4004,train
4469,train
6584,train
8759,train
5660,train
5249,train
4419,train
5737,train
7623,train
1736,train
8496,train
8221,train
6909,train
5625,train
10876,train
8675,train
6901,train
2693,train
2099,train
4594,train
3886,train
4420,train
3588,train
379,train
3884,train
5806,train
1840,train
9653,train
1000,train
7559,train
6386,train
11108,train
9037,train
3616,train
7431,train
10154,train
52,train
7121,train
5097,train
10548,train
9861,train
1677,train
6583,train
478,train
3213,train
6795,train
1394,train
9615,train
9902,train
867,train
11305,train
3554,train
3716,train
6600,train
2411,train
4359,train
6126,train
10713,train
3014,train
4281,train
9212,train
8730,train
8615,train
1904,train
3214,train
4563,train
2514,train
7328,train
1488,train
7528,train
11002,train
459,train
7991,train
4912,train
10769,train
2282,train
7881,train
58,train
10064,train
10312,train
4744,train
9012,train
4556,train
4585,train
3293,train
11314,train
3582,train
2594,train
747,train
2388,train
2096,train
946,train
10103,train
11246,train
9324,train
652,train
3902,train
2862,train
2077,train
3193,train
3610,train
8992,train
5830,train
1195,train
9853,train
573,train
2512,train
239,train
6928,train
10694,train
10215,train
6983,train
8819,train
9766,train
4156,train
1332,train
4408,train
7801,train
6223,train
6860,train
8480,train
7072,train
8937,train
8444,train
665,train
4873,train
6897,train
7274,train
6652,train
2455,train
1774,train
5236,train
7088,train
10240,train
6763,train
6103,train
227,train
8803,train
341,train
6165,train
10938,train
7320,train
7107,train
2034,train
2214,train
8514,train
4661,train
10877,train
10331,train
11131,train
1632,train
2119,train
4920,train
10526,train
6413,train
943,train
10942,train
1244,train
4203,train
9827,train
9151,train
1903,train
219,train
10371,train
4443,train
7493,train
2744,train
5155,train
3878,train
5619,train
11393,train
11223,train
2682,train
3307,train
5416,train
6160,train
6938,train
2806,train
11098,train
4676,train
10467,train
10239,train
8323,train
224,train
10569,train
4720,train
6757,train
7202,train
10712,train
5568,train
8455,train
4791,train
7894,train
3341,train
5676,train
6567,train
10002,train
7724,train
3624,train
4895,train
672,train
5920,train
308,train
7224,train
1788,train
9222,train
4712,train
10338,train
4671,train
364,train
3055,train
6478,train
11011,train
7834,train
4184,train
3325,train
4620,train
2873,train
10036,train
4406,train
5941,train
9194,train
10878,train
3474,train
5598,train
977,train
10801,train
2387,train
7548,train
6547,train
7500,train
585,train
10691,train
7368,train
5922,train
8324,train
3741,train
8354,train
9575,train
7797,train
8681,train
11119,train
8921,train
816,train
10494,train
9943,train
10089,train
26,train
4758,train
11380,train
6830,train
1958,train
562,train
9820,train
10393,train
2803,train
4840,train
3373,train
5493,train
10365,train
7157,train
7833,train
1484,train
4835,train
10156,train
3780,train
203,train
6027,train
3890,train
9771,train
1586,train
8533,train
5452,train
10577,train
3790,train
4475,train
10170,train
9062,train
2785,train
6406,train
11322,train
9795,train
6219,train
5489,train
5675,train
6945,train
10348,train
8315,train
5954,train
11421,train
7672,train
2342,train
10810,train
1233,train
11385,train
2771,train
2003,train
5749,train
10179,train
7783,train
8130,train
6258,train
9859,train
11420,train
9844,train
6925,train
5933,train
9290,train
9995,train
4056,train
5917,train
9401,train
8184,train
3512,train
1151,train
10763,train
4571,train
4514,train
3686,train
6962,train
9841,train
1582,train
3809,train
805,train
9014,train
3841,train
10891,train
10827,train
3454,train
7308,train
2227,train
4974,train
3855,train
5550,train
3090,train
4916,train
2730,train
9898,train
4367,train
8023,train
10572,train
11188,train
2076,train
5957,train
3933,train
6375,train
1356,train
5873,train
5864,train
9600,train
7658,train
5341,train
382,train
4232,train
1510,train
4480,train
1103,train
121,train
10757,train
8173,train
10334,train
6722,train
9503,train
4041,train
1065,train
7708,train
468,train
7547,train
4815,train
9941,train
8647,train
5595,train
2453,train
10919,train
11328,train
3302,train
10386,train
3651,train
3954,train
2449,train
2110,train
7014,train
1425,train
5320,train
1653,train
11287,train
10276,train
9442,train
8736,train
5855,train
4966,train
9627,train
2424,train
8055,train
9730,train
10743,train
1656,train
7644,train
9629,train
11374,train
7373,train
4095,train
6529,train
10718,train
11410,train
7084,train
9917,train
152,train
4846,train
3276,train
2527,train
11289,train
10159,train
6988,train
5710,train
7891,train
9325,train
8628,train
5928,train
1297,train
8418,train
8674,train
10785,train
7471,train
6173,train
5874,train
8892,train
7637,train
8241,train
7257,train
9555,train
11095,train
6257,train
9088,train
11106,train
10906,train
3668,train
4830,train
10326,train
2499,train
9752,train
10486,train
8790,train
11359,train
6920,train
3970,train
5700,train
6840,train
5356,train
2226,train
7293,train
854,train
4040,train
8767,train
5228,train
2421,train
2875,train
10744,train
2104,train
9115,train
10436,train
7221,train
302,train
3923,train
11363,train
1231,train
5842,train
8827,train
2329,train
545,train
10434,train
8258,train
4228,train
7969,train
8948,train
5572,train
6893,train
9852,train
4622,train
10134,train
2215,train
10701,train
7655,train
8035,train
2721,train
1932,train
5400,train
6957,train
7647,train
11185,train
10805,train
1350,train
978,train
2835,train
1064,train
780,train
2868,train
3321,train
6695,train
3924,train
7956,train
5564,train
9494,train
1429,train
8645,train
3139,train
6969,train
1211,train
8341,train
6984,train
3361,train
11094,train
852,train
10990,train
3922,train
8203,train
9747,train
3294,train
4762,train
9091,train
10249,train
1307,train
10838,train
10956,train
577,train
5520,train
4642,train
9183,train
2261,train
11181,train
7520,train
1634,train
15,train
8079,train
7351,train
5573,train
5748,train
3438,train
7914,train
5528,train
7102,train
9220,train
207,train
4887,train
3242,train
369,train
4301,train
5969,train
9429,train
6714,train
7125,train
4362,train
6302,train
3601,train
7587,train
9558,train
9484,train
911,train
3000,train
1438,train
8995,train
9476,train
1855,train
10043,train
2412,train
8848,train
7689,train
3384,train
3655,train
11116,train
7356,train
4201,train
1618,train
5251,train
330,train
10590,train
3431,train
10420,train
7329,train
9877,train
10687,train
1327,train
7413,train
2800,train
63,train
7201,train
5519,train
10715,train
6153,train
11075,train
9646,train
2182,train
7810,train
9574,train
5690,train
7628,train
5720,train
4327,train
7443,train
6080,train
3695,train
3380,train
11426,train
3073,train
7600,train
8561,train
1465,train
5644,train
7436,train
10640,train
4995,train
1232,train
4048,train
3968,train
6084,train
8319,train
3814,train
6409,train
4165,train
4385,train
8685,train
9531,train
4689,train
6736,train
9086,train
3457,train
6976,train
417,train
10450,train
4839,train
5608,train
843,train
4470,train
829,train
3710,train
4147,train
5169,train
6155,train
9713,train
11,train
1476,train
7961,train
6621,train
3613,train
10086,train
7693,train
1200,train
9142,train
9191,train
4530,train
10472,train
4582,train
9038,train
11227,train
1001,train
8385,train
705,train
10237,train
7935,train
730,train
3776,train
7151,train
8501,train
6562,train
411,train
5334,train
2417,train
4446,train
6544,train
4988,train
7453,train
6045,train
6184,train
7374,train
4747,train
114,train
7638,train
1764,train
4077,train
4277,train
7844,train
6798,train
4063,train
751,train
9013,train
4735,train
10950,train
6797,train
6119,train
11153,train
891,train
3093,train
3727,train
3366,train
7247,train
8520,train
334,train
8429,train
5967,train
3226,train
7168,train
2430,train
4444,train
9682,train
8410,train
7780,train
7772,train
1038,train
11378,train
4229,train
8428,train
11089,train
9296,train
6308,train
11402,train
5464,train
4082,train
1,train
1285,train
8115,train
5263,train
2836,train
5497,train
3537,train
243,train
5047,train
7170,train
4378,train
2319,train
404,train
5024,train
7289,train
9263,train
7315,train
9414,train
2668,train
2272,train
10971,train
1919,train
8333,train
5807,train
8488,train
399,train
1907,train
7153,train
7454,train
444,train
6161,train
8800,train
151,train
5068,train
1552,train
2240,train
3386,train
301,train
4727,train
817,train
6929,train
10771,train
3759,train
8044,train
6777,train
5964,train
10490,train
1911,train
7340,train
4388,train
3881,train
2038,train
5421,train
5284,train
8786,train
8100,train
3543,train
5072,train
5239,train
9364,train
8916,train
5782,train
2849,train
4243,train
5217,train
5934,train
4237,train
2084,train
4065,train
8611,train
4551,train
9181,train
8516,train
5768,train
11386,train
4146,train
9999,train
2068,train
9801,train
4760,train
10502,train
4066,train
4126,train
7745,train
2008,train
1660,train
1814,train
5233,train
9945,train
6347,train
6016,train
9132,train
4070,train
8437,train
4764,train
9160,train
698,train
5853,train
8882,train
9379,train
5386,train
8304,train
188,train
6660,train
10048,train
1272,train
7415,train
10537,train
6519,train
2174,train
3274,train
7132,train
2971,train
11338,train
5074,train
9794,train
10270,train
2812,train
5165,train
1068,train
8697,train
3064,train
11398,train
1728,train
9773,train
211,train
2081,train
6195,train
9952,train
7664,train
6206,train
896,train
2958,train
7134,train
936,train
8281,train
6720,train
980,train
9199,train
8202,train
2589,train
4746,train
9623,train
9425,train
2301,train
6648,train
7896,train
192,train
8542,train
5326,train
7213,train
5369,train
7574,train
5714,train
8056,train
7230,train
4907,train
6687,train
673,train
223,train
9882,train
2155,train
9944,train
11101,train
3585,train
2010,train
10423,train
2899,train
8396,train
9931,train
8668,train
680,train
6461,train
7624,train
11176,train
5173,train
6612,train
5509,train
2169,train
2761,train
3317,train
2509,train
7962,train
9257,train
5763,train
3805,train
3282,train
5269,train
4708,train
4886,train
4517,train
7116,train
3237,train
2211,train
3432,train
8069,train
5240,train
935,train
6442,train
7066,train
8678,train
1539,train
7296,train
6339,train
8196,train
11058,train
4748,train
9767,train
8927,train
4808,train
4851,train
10994,train
2892,train
2481,train
8325,train
8054,train
725,train
1308,train
4611,train
10729,train
10908,train
10637,train
5189,train
1557,train
2591,train
10843,train
410,train
37,train
5434,train
7634,train
800,train
1264,train
6183,train
1824,train
11256,train
6999,train
11232,train
8451,train
9250,train
3224,train
7558,train
3826,train
9543,train
592,train
10277,train
8641,train
8441,train
631,train
828,train
10659,train
4639,train
1439,train
8463,train
160,train
4335,train
5186,train
1899,train
3919,train
6002,train
5708,train
3161,train
7686,train
5212,train
10817,train
2406,train
9208,train
11367,train
3888,train
8218,train
3943,train
4161,train
6935,train
11344,train
10530,train
8738,train
5915,train
3948,train
758,train
9124,train
5648,train
9477,train
5470,train
3080,train
572,train
8456,train
1120,train
8793,train
3156,train
6551,train
6211,train
5036,train
293,train
5013,train
10394,train
48,train
10377,train
9435,train
3329,train
1070,train
7023,train
5760,train
2707,train
10032,train
2895,train
10859,train
9893,train
6856,train
11240,train
8293,train
7310,train
155,train
6090,train
2620,train
10642,train
6888,train
8559,train
9489,train
9009,train
1177,train
2675,train
10035,train
2026,train
9304,train
1817,train
6903,train
1253,train
9402,train
1247,train
9912,train
8968,train
2988,train
60,train
4361,train
2627,train
5371,train
5096,train
8804,train
4703,train
5641,train
5769,train
7252,train
8367,train
9481,train
10267,train
2517,train
4433,train
429,train
3082,train
1317,train
5288,train
3797,train
4780,train
4191,train
8984,train
10808,train
8939,train
8944,train
8350,train
11233,train
8709,train
4834,train
4141,validation
11377,validation
2307,validation
7633,validation
2826,validation
5488,validation
54,validation
5892,validation
4047,validation
5494,validation
4826,validation
10732,validation
2692,validation
5882,validation
8844,validation
2685,validation
5537,validation
8969,validation
2912,validation
9254,validation
464,validation
297,validation
8979,validation
5774,validation
6175,validation
6646,validation
11029,validation
4699,validation
1105,validation
5544,validation
319,validation
8096,validation
489,validation
8519,validation
8965,validation
332,validation
5881,validation
726,validation
10726,validation
2431,validation
4626,validation
9256,validation
7621,validation
3028,validation
9133,validation
5321,validation
6185,validation
519,validation
2326,validation
1607,validation
4933,validation
8409,validation
391,validation
10246,validation
7291,validation
4254,validation
11021,validation
5699,validation
5023,validation
2106,validation
11278,validation
9365,validation
4245,validation
1178,validation
4387,validation
1746,validation
1516,validation
11152,validation
10934,validation
7527,validation
386,validation
4878,validation
11360,validation
5594,validation
8478,validation
4613,validation
923,validation
6857,validation
5261,validation
5758,validation
3606,validation
1803,validation
9541,validation
8277,validation
7674,validation
10459,validation
695,validation
6606,validation
2033,validation
5219,validation
8222,validation
5381,validation
1339,validation
2134,validation
1450,validation
4934,validation
10847,validation
8356,validation
3228,validation
7649,validation
3976,validation
963,validation
741,validation
550,validation
1427,validation
3069,validation
8879,validation
3906,validation
9966,validation
952,validation
10068,validation
3113,validation
6168,validation
3308,validation
5040,validation
10813,validation
5378,validation
5812,validation
7947,validation
8522,validation
2848,validation
3175,validation
6474,validation
5279,validation
6151,validation
514,validation
6261,validation
10435,validation
9496,validation
1900,validation
6419,validation
1295,validation
6677,validation
2196,validation
149,validation
10954,validation
8925,validation
10247,validation
5012,validation
10688,validation
4226,validation
3679,validation
6025,validation
4418,validation
13,validation
5303,validation
5348,validation
1985,validation
2508,validation
6326,validation
8716,validation
3568,validation
8654,validation
4029,validation
10097,validation
7937,validation
2294,validation
264,validation
994,validation
5597,validation
5437,validation
10003,validation
1657,validation
11324,validation
4615,validation
8529,validation
4192,validation
6518,validation
4401,validation
7512,validation
7495,validation
2719,validation
102,validation
7756,validation
10387,validation
2930,validation
5785,validation
2783,validation
2348,validation
6496,validation
3062,validation
7354,validation
10023,validation
8822,validation
5397,validation
9697,validation
723,validation
11136,validation
1842,validation
8475,validation
4589,validation
4440,validation
7646,validation
4852,validation
2378,validation
6495,validation
1780,validation
4817,validation
7959,validation
7750,validation
4864,validation
5618,validation
683,validation
8469,validation
5501,validation
109,validation
1147,validation
4196,validation
10169,validation
9813,validation
6256,validation
5289,validation
7718,validation
6880,validation
3517,validation
6725,validation
4393,validation
2558,validation
10562,validation
984,validation
2955,validation
3247,validation
1363,validation
622,validation
6690,validation
8988,validation
9039,validation
405,validation
596,validation
5480,validation
66,validation
3223,validation
664,validation
9404,validation
3974,validation
117,validation
3184,validation
10355,validation
5337,validation
8279,validation
10531,validation
8358,validation
5137,validation
646,validation
9671,validation
9603,validation
7892,validation
1014,validation
2121,validation
2487,validation
6595,validation
3612,validation
27,validation
5939,validation
6699,validation
3806,validation
3717,validation
7179,validation
8052,validation
3296,validation
8265,validation
4871,validation
10664,validation
4427,validation
7011,validation
1171,validation
7631,validation
5412,validation
3088,validation
1998,validation
5119,validation
8374,validation
10996,validation
1738,validation
11412,validation
5847,validation
1403,validation
6230,validation
9045,validation
10501,validation
5632,validation
11356,validation
5029,validation
9938,validation
5987,validation
7536,validation
4104,validation
2529,validation
873,validation
2288,validation
2696,validation
8933,validation
7960,validation
1411,validation
4117,validation
5799,validation
6134,validation
8550,validation
4793,validation
6336,validation
7926,validation
6327,validation
11156,validation
11312,validation
10638,validation
5146,validation
11280,validation
2279,validation
8551,validation
10977,validation
9336,validation
1843,validation
551,validation
1962,validation
6417,validation
6886,validation
10119,validation
4683,validation
5662,validation
8549,validation
6526,validation
5395,validation
11209,validation
1870,validation
8682,validation
890,validation
9459,validation
10128,validation
1714,validation
1763,validation
2341,validation
10953,validation
11043,validation
8415,validation
5015,validation
3519,validation
5491,validation
7469,validation
4577,validation
10446,validation
3572,validation
11045,validation
571,validation
8634,validation
10926,validation
8439,validation
1549,validation
989,validation
6194,validation
9125,validation
4853,validation
834,validation
560,validation
1930,validation
908,validation
10253,validation
2904,validation
11225,validation
662,validation
354,validation
3720,validation
8236,validation
692,validation
8739,validation
5444,validation
4462,validation
9619,validation
5051,validation
3106,validation
9,validation
7139,validation
1023,validation
10696,validation
9349,validation
3706,validation
11313,validation
6036,validation
7092,validation
10610,validation
9511,validation
2274,validation
8797,validation
6672,validation
10653,validation
9990,validation
4893,validation
1821,validation
322,validation
7882,validation
7145,validation
8199,validation
6154,validation
5798,validation
8977,validation
6331,validation
7031,validation
1194,validation
10524,validation
9225,validation
1784,validation
505,validation
10258,validation
10643,validation
1987,validation
5671,validation
4062,validation
10203,validation
540,validation
3545,validation
4059,validation
8145,validation
6024,validation
979,validation
7973,validation
204,validation
4080,validation
2995,validation
4693,validation
3969,validation
4977,validation
3516,validation
473,validation
570,validation
8578,validation
9968,validation
1854,validation
2544,validation
10429,validation
4644,validation
1280,validation
1679,validation
6288,validation
176,validation
408,validation
6839,validation
9553,validation
6849,validation
1156,validation
179,validation
3518,validation
5495,validation
11184,validation
1588,validation
11291,validation
3887,validation
9443,validation
8798,validation
5681,validation
3029,validation
9856,validation
6545,validation
8065,validation
8985,validation
253,validation
8863,validation
765,validation
1085,validation
1532,validation
7276,validation
5890,validation
2535,validation
1422,validation
9538,validation
1986,validation
7979,validation
7410,validation
4168,validation
1992,validation
1017,validation
10860,validation
9895,validation
1373,validation
4761,validation
3635,validation
995,validation
8084,validation
397,validation
4497,validation
9770,validation
1053,validation
4598,validation
5139,validation
3811,validation
3409,validation
5473,validation
5736,validation
5804,validation
453,validation
6481,validation
1981,validation
10620,validation
2126,validation
11015,validation
2649,validation
6208,validation
641,validation
8175,validation
7586,validation
8742,validation
6516,validation
5431,validation
1787,validation
7602,validation
1581,validation
7582,validation
6766,validation
588,validation
8267,validation
5906,validation
2596,validation
2864,validation
9993,validation
7294,validation
1159,validation
7840,validation
4848,validation
9052,validation
6970,validation
1377,validation
4325,validation
7659,validation
11162,validation
1920,validation
8486,validation
8676,validation
3112,validation
8398,validation
2967,validation
786,validation
5306,validation
10090,validation
1641,validation
5423,validation
7828,validation
1043,validation
5856,validation
3883,validation
2047,validation
3436,validation
57,validation
10807,validation
6599,validation
901,validation
2831,validation
5616,validation
1006,validation
5271,validation
10307,validation
9664,validation
5125,validation
8588,validation
7111,validation
9384,validation
8967,validation
1547,validation
1335,validation
4215,validation
1480,validation
10430,validation
5918,validation
7729,validation
11138,validation
3036,validation
1639,validation
9547,validation
9431,validation
10316,validation
2225,validation
3097,validation
6801,validation
6671,validation
7838,validation
3952,validation
401,validation
11166,validation
8870,validation
7112,validation
10791,validation
6490,validation
9656,validation
9233,validation
6813,validation
3864,validation
11310,validation
6201,validation
1924,validation
2266,validation
3170,validation
10519,validation
7675,validation
8579,validation
7119,validation
6240,validation
7050,validation
2981,validation
10670,validation
4874,validation
356,validation
7061,validation
1123,validation
7534,validation
4724,validation
7814,validation
7455,validation
4603,validation
10667,validation
1644,validation
5947,validation
8509,validation
5994,validation
1514,validation
8214,validation
5560,validation
9298,validation
1464,validation
7396,validation
3418,validation
11207,validation
5722,validation
5090,validation
9918,validation
4863,validation
7798,validation
6680,validation
1367,validation
6836,validation
2659,validation
4495,validation
8493,validation
2253,validation
2325,validation
5997,validation
6602,validation
8637,validation
1359,validation
5854,validation
3925,validation
2175,validation
3694,validation
10761,validation
5460,validation
4103,validation
3975,validation
7239,validation
4663,validation
256,validation
3464,validation
7176,validation
9592,validation
7002,validation
2726,validation
9434,validation
10571,validation
11285,validation
4767,validation
939,validation
11065,validation
6866,validation
1808,validation
766,validation
9016,validation
8876,validation
5200,validation
985,validation
2496,validation
5600,validation
8506,validation
135,validation
9314,validation
8943,validation
1822,validation
1737,validation
4509,validation
7021,validation
173,validation
4073,validation
4437,validation
1890,validation
8386,validation
5506,validation
9633,validation
6778,validation
8989,validation
7568,validation
9967,validation
4832,validation
5124,validation
1224,validation
6784,validation
8322,validation
10603,validation
4038,validation
10591,validation
3047,validation
7670,validation
6930,validation
9153,validation
3365,validation
1768,validation
11197,validation
2037,validation
9189,validation
1576,validation
10505,validation
11055,validation
7506,validation
7630,validation
760,validation
7706,validation
4035,validation
4006,validation
9043,validation
869,validation
3682,validation
3991,validation
5910,validation
8513,validation
2460,validation
5158,validation
4833,validation
5258,validation
1508,validation
1020,validation
5742,validation
6895,validation
4384,validation
5280,validation
9956,validation
10583,validation
3856,validation
4005,validation
10424,validation
5658,validation
5976,validation
7712,validation
2296,validation
6102,validation
9231,validation
2366,validation
10916,validation
3105,validation
483,validation
6541,validation
7203,validation
9523,validation
5697,validation
8464,validation
4145,validation
6759,validation
3268,validation
5897,validation
1084,validation
3140,validation
7005,validation
2616,validation
4270,validation
11390,validation
235,validation
3772,validation
1989,validation
6324,validation
4498,validation
11053,validation
2361,validation
9471,validation
11260,validation
7557,validation
6979,validation
9204,validation
1107,validation
1077,validation
4506,validation
10475,validation
2281,validation
5344,validation
5904,validation
4339,validation
7235,validation
8288,validation
567,validation
3849,validation
8449,validation
1163,validation
1880,validation
4322,validation
6647,validation
5133,validation
7238,validation
5243,validation
7040,validation
5762,validation
10944,validation
156,validation
10663,validation
1797,validation
2415,validation
8706,validation
9812,validation
11250,validation
6224,validation
278,validation
51,validation
5262,validation
9389,validation
4844,validation
8302,validation
6337,validation
2694,validation
5101,validation
1836,validation
5131,validation
10686,validation
3267,validation
2129,validation
4983,validation
8390,validation
6299,validation
1522,validation
6704,validation
3843,validation
2299,validation
9560,validation
509,validation
8597,validation
7593,validation
8535,validation
10408,validation
312,validation
10928,validation
712,validation
7815,validation
55,validation
11199,validation
3891,validation
1638,validation
9468,validation
4177,validation
2490,validation
3281,validation
130,validation
2031,validation
1015,validation
1719,validation
1207,validation
4134,validation
10915,validation
1829,validation
1563,validation
9698,validation
2083,validation
1733,validation
9512,validation
5456,validation
8239,validation
7541,validation
4304,validation
10920,validation
8482,validation
7575,validation
8721,validation
6838,validation
3788,validation
9110,validation
9611,validation
6554,validation
11076,validation
5784,validation
11276,validation
10072,validation
9759,validation
2497,validation
4273,validation
1493,validation
5995,validation
2941,validation
8256,validation
5073,validation
2526,validation
6205,validation
9937,validation
3429,validation
4391,validation
10010,validation
7903,validation
5730,validation
9874,validation
5439,validation
9989,validation
11025,validation
1910,validation
3703,validation
8971,validation
10447,validation
11008,validation
4450,validation
3504,validation
9637,validation
8314,validation
105,validation
2435,validation
10431,validation
4258,validation
2829,validation
8885,validation
6192,validation
6887,validation
7519,validation
8900,validation
9626,validation
7080,validation
1520,validation
6892,validation
2131,validation
5857,validation
3965,validation
1092,validation
2142,validation
3129,validation
2358,validation
7189,validation
2009,validation
9764,validation
5190,validation
6050,validation
4264,validation
8789,validation
3037,validation
7327,validation
10027,validation
128,validation
9157,validation
6218,validation
4106,validation
6401,validation
2148,validation
9739,validation
5242,validation
9166,validation
5513,validation
2051,validation
3452,validation
3566,validation
6781,validation
7789,validation
9875,validation
9294,validation
267,validation
9441,validation
3825,validation
6272,validation
3314,validation
1405,validation
8300,validation
5670,validation
3509,validation
8828,validation
4101,validation
7175,validation
5982,validation
69,validation
4925,validation
10611,validation
462,validation
9946,validation
10465,validation
10396,validation
10988,validation
1585,validation
5754,validation
5332,validation
8541,validation
6964,validation
373,validation
4324,validation
5850,validation
5795,validation
6122,validation
10858,validation
2254,validation
7459,validation
311,validation
3874,validation
1712,validation
1872,validation
9159,validation
8017,validation
9977,validation
1640,validation
9606,validation
3985,validation
960,validation
2436,validation
3882,validation
6711,validation
2256,validation
6292,validation
4576,validation
285,validation
5107,validation
1497,validation
10441,validation
198,validation
6931,validation
296,validation
2144,validation
9195,validation
8299,validation
6900,validation
8297,validation
480,validation
3421,validation
7490,validation
10235,validation
4332,validation
3702,validation
10328,validation
1698,validation
787,validation
5866,validation
5188,validation
9375,validation
4298,validation
8680,validation
6561,validation
8470,validation
3219,validation
8038,validation
7777,validation
2577,validation
9609,validation
670,validation
6873,validation
3187,validation
10992,validation
10964,validation
5195,validation
10819,validation
589,validation
4605,validation
9501,validation
907,validation
10266,validation
6924,validation
8252,validation
2698,validation
1566,validation
1765,validation
10923,validation
860,validation
3838,validation
142,validation
851,validation
7043,validation
11231,validation
6295,validation
10614,validation
1790,validation
9505,validation
11290,validation
2479,validation
5443,validation
10112,validation
2944,validation
1393,validation
1849,validation
10416,validation
10189,validation
3479,validation
11183,validation
374,validation
3530,validation
4136,validation
3967,validation
5028,validation
10442,validation
488,validation
10746,validation
10198,validation
6042,validation
5039,validation
3348,validation
2657,validation
9155,validation
8671,validation
3292,validation
4287,validation
1257,validation
3259,validation
1026,validation
3950,validation
2877,validation
10765,validation
2648,validation
9909,validation
5492,validation
1477,validation
1352,validation
5604,validation
9597,validation
10310,validation
8862,validation
2385,validation
5810,validation
8117,validation
3578,validation
92,validation
4096,validation
2533,validation
7000,validation
7060,validation
7169,validation
474,validation
10578,validation
2027,validation
6355,validation
2153,validation
1749,validation
4628,validation
9725,validation
4544,validation
1426,validation
11307,validation
4738,validation
566,validation
2906,validation
1182,validation
3696,validation
2901,validation
5801,validation
7278,validation
5623,validation
6506,validation
6431,validation
734,validation
605,validation
6536,validation
2578,validation
9719,validation
6335,validation
8854,validation
10311,validation
4901,validation
2959,validation
10040,validation
746,validation
294,validation
2145,validation
8918,validation
1972,validation
7052,validation
10013,validation
9488,validation
8603,validation
9421,validation
3643,validation
10544,validation
7513,validation
10869,validation
6811,validation
1838,validation
1255,validation
9428,validation
4093,validation
10225,validation
3740,validation
999,validation
3718,validation
5276,validation
377,validation
4089,validation
602,validation
8663,validation
6300,validation
731,validation
4773,validation
2072,validation
7231,validation
1879,validation
4102,validation
4991,validation
10703,validation
3744,validation
10864,validation
7136,validation
10812,validation
3747,validation
580,validation
5650,validation
4463,validation
8813,validation
6926,validation
9805,validation
6472,validation
5802,validation
776,validation
11387,validation
9387,validation
3842,validation
10141,validation
2897,validation
9455,validation
1168,validation
1771,validation
4186,validation
10779,validation
5613,validation
5323,validation
6590,validation
8976,validation
4785,validation
7299,validation
11391,validation
7397,validation
5143,validation
6178,validation
4314,validation
11424,validation
3535,validation
5411,validation
745,validation
3721,validation
5122,validation
9249,validation
6,validation
11244,validation
6004,validation
5178,validation
2905,validation
6399,validation
7233,validation
477,validation
9482,validation
10969,validation
5726,validation
6844,validation
8915,validation
6232,validation
4489,validation
245,validation
4502,validation
1637,validation
2871,validation
8346,validation
1847,validation
10120,validation
5859,validation
7922,validation
9526,validation
7953,validation
484,validation
3025,validation
3745,validation
5487,validation
8765,validation
3128,validation
524,validation
6548,validation
10317,validation
762,validation
1321,validation
10262,validation
9056,validation
9390,validation
4133,validation
321,validation
4001,validation
8821,validation
1201,validation
1376,validation
2249,validation
7863,validation
3989,validation
8983,validation
6780,validation
9198,validation
2306,validation
6654,validation
8318,validation
6402,validation
2168,validation
5370,validation
974,validation
11111,validation
4311,validation
4340,validation
7406,validation
3333,validation
1579,validation
7695,validation
9672,validation
2428,validation
8155,validation
10535,validation
1626,validation
1358,validation
6662,validation
1337,validation
10268,validation
8083,validation
8537,validation
3804,validation
6022,validation
7606,validation
10451,validation
8141,validation
7509,validation
6098,validation
7515,validation
213,validation
9227,validation
2795,validation
1446,validation
3880,validation
383,validation
6870,validation
6177,validation
4326,validation
774,validation
3466,validation
5220,validation
7281,validation
9896,validation
5543,validation
7613,validation
8237,validation
10176,validation
6330,validation
8229,validation
6298,validation
7229,validation
10949,validation
10952,validation
8045,validation
4740,validation
10422,validation
4009,validation
1601,validation
6911,validation
1837,validation
2752,validation
1160,validation
7829,validation
8483,validation
687,validation
10052,validation
8714,validation
6994,validation
11425,validation
10832,validation
11187,validation
7951,validation
1606,validation
5779,validation
9729,validation
8741,validation
10822,validation
9546,validation
4050,validation
8934,validation
1993,validation
3724,validation
6356,validation
7433,validation
10388,validation
8930,validation
3665,validation
7446,validation
290,validation
9244,validation
4679,validation
11295,validation
10914,validation
5563,validation
7883,validation
8388,validation
7617,validation
4345,validation
10961,validation
6217,validation
2559,validation
3153,validation
8255,validation
4000,validation
2567,validation
7336,validation
3403,validation
10291,validation
1914,validation
1754,validation
2549,validation
5974,validation
8460,validation
9885,validation
3583,validation
531,validation
4549,validation
8440,validation
9063,validation
8348,validation
7458,validation
5532,validation
3094,validation
3495,validation
8666,validation
10492,validation
5943,validation
7977,validation
3730,validation
2604,validation
3351,validation
1939,validation
8502,validation
133,validation
9858,validation
7295,validation
581,validation
7130,validation
3491,validation
10762,validation
3404,validation
6280,validation
8060,validation
2028,validation
450,validation
1580,validation
795,validation
1648,validation
1451,validation
10523,validation
398,validation
3973,validation
10264,validation
6053,validation
10624,validation
11041,validation
8762,validation
2548,validation
6415,validation
932,validation
7687,validation
8070,validation
4295,validation
3034,validation
11271,validation
4160,validation
733,validation
9036,validation
5270,validation
2185,validation
5316,validation
7272,validation
1884,validation
1146,validation
3934,validation
5887,validation
1896,validation
2747,validation
3426,validation
5603,validation
10873,validation
5496,validation
6861,validation
5115,validation
906,validation
3752,validation
1636,validation
2893,validation
5109,validation
6104,validation
1467,validation
8227,validation
257,validation
7461,validation
7475,validation
461,validation
2494,validation
2060,validation
7262,validation
7195,validation
4346,validation
7816,validation
5087,validation
6686,validation
7800,validation
8365,validation
10044,validation
7735,validation
5198,validation
8922,validation
11134,validation
9338,validation
856,validation
4568,validation
9177,validation
6087,validation
3379,validation
1555,validation
3068,validation
9297,validation
3015,validation
3288,validation
9041,validation
6555,validation
640,validation
3360,validation
10927,validation
10666,validation
4377,validation
2814,validation
10815,validation
5879,validation
3032,validation
11069,validation
5234,validation
2322,validation
6108,validation
831,validation
3157,validation
2360,validation
7996,validation
5936,validation
10462,validation
4055,validation
8087,validation
6504,validation
415,validation
6742,validation
10456,validation
790,validation
6579,validation
7994,validation
4766,validation
1695,validation
9122,validation
3277,validation
8423,validation
7263,validation
1663,validation
7830,validation
7678,validation
7769,validation
2652,validation
7901,validation
11365,validation
1045,validation
10724,validation
6222,validation
8152,validation
3771,validation
8889,validation
5458,validation
4547,validation
4648,validation
6985,validation
4397,validation
10788,validation
5384,validation
10405,validation
3374,validation
4125,validation
10912,validation
7037,validation
11413,validation
10220,validation
4976,validation
7508,validation
9906,validation
9154,validation
1418,validation
3824,validation
11192,validation
1975,validation
3123,validation
9410,validation
8099,validation
6136,validation
4652,validation
3833,validation
10132,validation
3482,validation
9715,validation
6531,validation
7250,validation
6263,validation
1863,validation
11405,validation
2681,validation
7799,validation
9544,validation
10883,validation
8758,validation
988,validation
425,validation
8345,validation
5938,validation
7545,validation
6483,validation
4919,validation
9253,validation
11051,validation
9301,validation
6380,validation
3413,validation
2924,validation
4179,validation
10283,validation
738,validation
4939,validation
1795,validation
6761,validation
5277,validation
9839,validation
9624,validation
7162,validation
5558,validation
788,validation
4403,validation
10275,validation
654,validation
3870,validation
6684,validation
6559,validation
1176,validation
9854,validation
2502,validation
8465,validation
1518,validation
5361,validation
6352,validation
3592,validation
9005,validation
2939,validation
6549,validation
6418,validation
5405,validation
8996,validation
7753,validation
10616,validation
2136,validation
4182,validation
722,validation
4120,validation
5454,validation
5130,validation
2267,validation
3918,validation
9047,validation
10917,validation
1436,validation
4034,validation
83,validation
8331,validation
2140,validation
678,validation
10662,validation
9525,validation
7006,validation
6633,validation
3,validation
6971,validation
8595,validation
7353,validation
6440,validation
8596,validation
335,validation
7386,validation
4958,validation
892,validation
4751,validation
6594,validation
9072,validation
6513,validation
3844,validation
4697,validation
2948,validation
5955,validation
7589,validation
10560,validation
8372,validation
3322,validation
4951,validation
7740,validation
7591,validation
10554,validation
783,validation
6396,validation
1873,validation
9959,validation
9786,validation
10695,validation
8149,validation
9654,validation
14,validation
10324,validation
8156,validation
6455,validation
4891,validation
8233,validation
6026,validation
8518,validation
9991,validation
9838,validation
8942,validation
9302,validation
6818,validation
3144,validation
7438,validation
3564,validation
3589,validation
10151,validation
3358,validation
3626,validation
4665,validation
6348,validation
9388,test
8953,test
9958,test
6452,test
11084,test
6982,test
1711,test
11321,test
9703,test
466,test
7178,test
9070,test
8166,test
5366,test
2057,test
191,test
4,test
11288,test
5775,test
9602,test
3815,test
1036,test
5554,test
3125,test
807,test
7837,test
7669,test
282,test
3190,test
1095,test
6837,test
2308,test
7570,test
4959,test
9837,test
8604,test
3979,test
9283,test
371,test
4241,test
4127,test
3110,test
1647,test
2550,test
6730,test
3172,test
10296,test
8018,test
5226,test
9678,test
7877,test
3980,test
1260,test
10870,test
183,test
9586,test
8735,test
2408,test
9260,test
9303,test
8336,test
315,test
8594,test
5832,test
10321,test
9140,test
7938,test
2128,test
1284,test
10131,test
5631,test
4578,test
8053,test
5849,test
2946,test
2061,test
3445,test
361,test
8763,test
8296,test
10369,test
7980,test
5913,test
8919,test
713,test
7172,test
7232,test
11388,test
250,test
4745,test
1203,test
1267,test
2669,test
9083,test
1841,test
10181,test
2469,test
8572,test
7332,test
101,test
10665,test
8694,test
2277,test
2243,test
7555,test
3248,test
4426,test
8274,test
5138,test
5571,test
9162,test
9851,test
8994,test
6913,test
825,test
3171,test
6379,test
1874,test
1319,test
4292,test
6683,test
3607,test
9114,test
431,test
9554,test
6719,test
1141,test
3186,test
6048,test
1102,test
10553,test
10528,test
4968,test
10047,test
4741,test
3390,test
6758,test
5018,test
10656,test
511,test
2625,test
882,test
11218,test
8270,test
7305,test
10008,test
2089,test
837,test
7890,test
2285,test
6923,test
10893,test
8101,test
9002,test
2467,test
1889,test
9469,test
912,test
249,test
9516,test
1173,test
6011,test
443,test
6199,test
2012,test
10039,test
4349,test
3875,test
10599,test
657,test
8020,test
4447,test
11395,test
6726,test
8137,test
4402,test
9406,test
9112,test
7673,test
7358,test
8711,test
4069,test
5845,test
2098,test
7616,test
9652,test
11082,test
757,test
11224,test
9046,test
4660,test
7425,test
10685,test
3524,test
1412,test
1388,test
5687,test
4774,test
11210,test
2619,test
1136,test
6608,test
5089,test
9899,test
2713,test
3653,test
8009,test
10896,test
8413,test
9594,test
649,test
4318,test
316,test
10403,test
3959,test
4320,test
1599,test
10336,test
9953,test
2636,test
2538,test
7537,test
3044,test
1061,test
11096,test
3614,test
6264,test
626,test
754,test
1470,test
5184,test
4289,test
6269,test
10935,test
5575,test
6159,test
10453,test
2297,test
11139,test
7824,test
10655,test
1042,test
10829,test
7850,test
3642,test
552,test
5517,test
9357,test
5852,test
7765,test
56,test
430,test
7205,test
10773,test
1979,test
7100,test
2722,test
694,test
6373,test
7301,test
7343,test
5479,test
6306,test
9881,test
7496,test
1781,test
10782,test
915,test
38,test
3286,test
362,test
10930,test
7369,test
8401,test
2729,test
2602,test
4083,test
8888,test
7046,test
1242,test
10468,test
11126,test
9309,test
1544,test
5435,test
7517,test
8432,test
8280,test
1898,test
10939,test
5197,test
11404,test
6468,test
8600,test
1701,test
1254,test
9833,test
9724,test
10187,test
6086,test
7468,test
460,test
4526,test
10623,test
6525,test
8000,test
4414,test
9588,test
8419,test
8689,test
8416,test
11182,test
3227,test
8276,test
7118,test
6393,test
4072,test
10419,test
5438,test
2474,test
8960,test
8330,test
9718,test
3964,test
7874,test
2732,test
9582,test
8446,test
4218,test
4668,test
6542,test
10075,test
3753,test
6345,test
11330,test
3700,test
1468,test
2588,test
3836,test
8713,test
6772,test
10126,test
8443,test
823,test
5620,test
7359,test
7905,test
4143,test
7062,test
3255,test
8,test
6876,test
2336,test
6539,test
584,test
1021,test
7287,test
4151,test
1180,test
1282,test
10857,test
3905,test
8273,test
2680,test
10474,test
11140,test
4952,test
669,test
2767,test
8245,test
6014,test
8884,test
1693,test
6577,test
10211,test
5839,test
3632,test
10541,test
8553,test
7013,test
4085,test
8059,test
8574,test
4416,test
9649,test
8618,test
653,test
1984,test
2522,test
4528,test
10122,test
8272,test
4300,test
9532,test
10568,test
8646,test
9377,test
835,test
4360,test
1964,test
7551,test
6625,test
944,test
4715,test
3124,test
1748,test
3298,test
11202,test
7313,test
2163,test
3562,test
6423,test
6773,test
9101,test
7018,test
7918,test
6366,test
8749,test
3608,test
10382,test
9268,test
7093,test
9202,test
9000,test
10517,test
8328,test
7388,test
11074,test
3070,test
7474,test
520,test
1805,test
5577,test
1125,test
5478,test
10487,test
10271,test
5680,test
6303,test
9717,test
10216,test
2961,test
11366,test
1072,test
10997,test
7150,test
10933,test
4458,test
5365,test
2731,test
4423,test
5524,test
3972,test
5949,test
4107,test
4355,test
6776,test
10542,test
1226,test
10410,test
7578,test
9343,test
1782,test
3453,test
8387,test
3669,test
6922,test
7626,test
7565,test
9447,test
4334,test
6512,test
5346,test
10736,test
10550,test
363,test
3412,test
7216,test
3690,test
10863,test
9636,test
2032,test
4471,test
5398,test
7246,test
7705,test
2587,test
8197,test
4206,test
3853,test
4099,test
3984,test
5926,test
11016,test
5469,test
3507,test
2667,test
9779,test
11118,test
7387,test
11249,test
6661,test
8162,test
8072,test
317,test
8411,test
5376,test
4294,test
5427,test
8426,test
3370,test
8515,test
2777,test
1512,test
5715,test
3016,test
1844,test
7398,test
7362,test
11093,test
7114,test
7355,test
11226,test
229,test
7440,test
3332,test
10305,test
10042,test
3729,test
9507,test
11358,test
10742,test
11004,test
5709,test
9897,test
1473,test
2607,test
1684,test
1614,test
6421,test
9089,test
2613,test
3340,test
8359,test
1423,test
7161,test
715,test
3670,test
628,test
6952,test
618,test
6765,test
3233,test
8972,test
8643,test
5540,test
10491,test
10411,test
2938,test
10595,test
1812,test
6172,test
10987,test
2935,test
2380,test
7069,test
9051,test
4236,test
7378,test
1192,test
9976,test
4909,test
6651,test
4736,test
9983,test
9345,test
8557,test
1723,test
6186,test
252,test
1304,test
8547,test
7204,test
11114,test
3942,test
2242,test
9731,test
6622,test
4114,test
1707,test
6394,test
11327,test
7448,test
2705,test
7183,test
6961,test
7879,test
1587,test
3056,test
233,test
5898,test
6097,test
4942,test
4154,test
4525,test
436,test
21,test
10143,test
6649,test
4275,test
4195,test
1832,test
1221,test
7079,test
6731,test
9621,test
1058,test
4990,test
1578,test
1096,test
1485,test
5264,test
10265,test
8575,test
8030,test
2065,test
11409,test
1944,test
9057,test
7198,test
5462,test
4688,test
4492,test
6071,test
2770,test
5723,test
78,test
5088,test
3347,test
1538,test
4685,test
689,test
5531,test
1137,test
7717,test
6466,test
810,test
5265,test
6296,test
10895,test
4753,test
2025,test
3394,test
9783,test
3087,test
4076,test
8836,test
5394,test
2454,test
636,test
6332,test
4801,test
5647,test
1179,test
924,test
4365,test
1767,test
4468,test
5541,test
1458,test
4108,test
7124,test
10615,test
1802,test
11325,test
7942,test
2858,test
2543,test
3312,test
1909,test
997,test
2035,test
1183,test
9970,test
8371,test
4081,test
2,test
7186,test
2876,test
10186,test
5027,test
7681,test
10452,test
9276,test
6858,test
3244,test
9461,test
6738,test
10842,test
8238,test
10840,test
7365,test
10055,test
4280,test
4561,test
7887,test
961,test
6341,test
1417,test
9872,test
9537,test
7025,test
3104,test
3951,test
4971,test
7055,test
9676,test
2343,test
210,test
1706,test
9744,test
2772,test
7144,test
2926,test
1230,test
8780,test
11272,test
7768,test
8584,test
106,test
9423,test
7737,test
10710,test
4721,test
6187,test
4504,test
7258,test
88,test
2832,test
948,test
10033,test
9556,test
6933,test
8071,test
6806,test
1216,test
6852,test
3051,test
7992,test
6315,test
4757,test
3020,test
9061,test
5108,test
53,test
8383,test
3121,test
8430,test
7190,test
6485,test
5000,test
6715,test
6060,test
5481,test
1845,test
8067,test
1503,test
982,test
7422,test
6267,test
2195,test
3705,test
5205,test
6049,test
2640,test
4129,test
3851,test
1834,test
8066,test
5551,test
5576,test
2673,test
7225,test
9048,test
8954,test
7082,test
1290,test
8504,test
3817,test
1399,test
10210,test
3622,test
4692,test
11077,test
5194,test
2177,test
10117,test
7510,test
8140,test
2582,test
9092,test
4400,test
3983,test
6793,test
6234,test
10080,test
4788,test
4879,test
1961,test
1673,test
6941,test
5691,test
4651,test
9069,test
5372,test
10592,test
2362,test
1852,test
4870,test
7462,test
794,test
5050,test
5498,test
5037,test
10581,test
5185,test
973,test
6238,test
6092,test
6691,test
2382,test
11283,test
4534,test
2091,test
2045,test
6371,test
10564,test
4573,test
1433,test
6569,test
11150,test
9238,test
8412,test
1951,test
5683,test
6427,test
6228,test
136,test
6054,test
1686,test
11007,test
6572,test
6376,test
472,test
5894,test
6792,test
8026,test
5986,test
1293,test
1048,test
4894,test
7552,test
9289,test
11198,test
5118,test
10454,test
6682,test
3197,test
1952,test
261,test
10658,test
10337,test
2062,test
7858,test
894,test
6786,test
530,test
360,test
3108,test
9028,test
7155,test
11072,test
2002,test
5679,test
4135,test
5961,test
8032,test
1421,test
4150,test
9173,test
8831,test
5638,test
4658,test
3357,test
10280,test
3602,test
9030,test
4464,test
6070,test
9450,test
10768,test
4540,test
8161,test
868,test
9179,test
11103,test
3402,test
10163,test
4772,test
7158,test
6626,test
2566,test
3033,test
1016,test
1044,test
6354,test
6553,test
6794,test
1796,test
9100,test
2697,test
7319,test
6124,test
8779,test
6374,test
5701,test
2452,test
309,test
4299,test
2626,test
9493,test
5848,test
10835,test
9408,test
11396,test
9506,test
7211,test
1922,test
7560,test
10083,test
1316,test
921,test
4138,test
8006,test
5800,test
6128,test
11375,test
4323,test
4539,test
7165,test
11234,test
10958,test
9224,test
8847,test
7208,test
174,test
5126,test
777,test
6824,test
2111,test
7939,test
9456,test
910,test
1960,test
2734,test
5140,test
7958,test
8753,test
3866,test
1537,test
10931,test
413,test
9327,test
9755,test
11228,test
6532,test
2505,test
299,test
3183,test
3058,test
7818,test
4371,test
2962,test
2264,test
5007,test
154,test
10256,test
11253,test
262,test
8011,test
1615,test
4513,test
3639,test
1129,test
2137,test
10284,test
122,test
9050,test
4330,test
8275,test
3760,test
10565,test
5729,test
5797,test
2324,test
10981,test
3590,test
4302,test
7592,test
2433,test
9306,test
10184,test
10705,test
931,test
10649,test
9814,test
1131,test
8326,test
4240,test
4810,test
10351,test
10366,test
5183,test
7432,test
5899,test
8842,test
9825,test
11411,test
1966,test
10903,test
8442,test
3789,test
3188,test
394,test
8317,test
3638,test
8621,test
768,test
3500,test
6167,test
2386,test
1294,test
9485,test
8462,test
5151,test
4993,test
7812,test
3822,test
8076,test
7563,test
497,test
10559,test
9034,test
5250,test
4164,test
2426,test
5777,test
5202,test
6320,test
7035,test
7884,test
8370,test
8339,test
4989,test
2600,test
9645,test
8271,test
6967,test
4789,test
6978,test
9279,test
4424,test
232,test
5422,test
9932,test
2190,test
9316,test
8353,test
8556,test
41,test
9570,test
6072,test
5322,test
6207,test
8544,test
2315,test
5815,test
8940,test
9644,test
6745,test
3285,test
8487,test
3581,test
5886,test
2171,test
8034,test
10107,test
4171,test
591,test
5282,test
9802,test
10970,test
8683,test
9486,test
6750,test
9206,test
3354,test
632,test
685,test
7889,test
2989,test
10780,test
3425,test
10149,test
10389,test
8174,test
8151,test
1127,test
9681,test
5045,test
5827,test
547,test
3375,test
1075,test
6321,test
6762,test
2979,test
1882,test
169,test
5725,test
8363,test
10471,test
5553,test
1978,test
5656,test
9360,test
2676,test
2159,test
8929,test
7530,test
2410,test
1030,test
7738,test
10009,test
6214,test
6659,test
8138,test
9299,test
10218,test
8585,test
3657,test
5094,test
4207,test
5399,test
8208,test
8224,test
5166,test
879,test
10361,test
1662,test
4239,test
9942,test
6411,test
3265,test
5657,test
6436,test
9520,test
7338,test
7076,test
9266,test
11258,test
5929,test
6449,test
5451,test
5692,test
10398,test
3982,test
5970,test
6467,test
4457,test
6800,test
7585,test
2880,test
8511,test
8127,test
6756,test
1204,test
7657,test
4910,test
1385,test
6706,test
5148,test
9394,test
10836,test
1041,test
2224,test
9329,test
6664,test
9842,test
303,test
6788,test
10364,test
558,test
9417,test
9822,test
3116,test
7041,test
455,test
8392,test
1759,test
4749,test
1398,test
216,test
8912,test
4884,test
4797,test
10381,test
6576,test
7463,test
10376,test
11200,test
4935,test
11135,test
5587,test
9578,test
6322,test
2642,test
314,test
10061,test
1153,test
2817,test
7727,test
2425,test
7963,test
1310,test
2135,test
10621,test
3654,test
380,test
10445,test
2409,test
3913,test
6657,test
7200,test
10972,test
4279,test
3570,test
3594,test
10148,test
2554,test
9499,test
3757,test
2423,test
4313,test
4157,test
4219,test
3835,test
7009,test
5352,test
5903,test
10221,test
7283,test
9845,test
8619,test
3728,test
10095,test
9362,test
1323,test
5445,test
1609,test
6618,test
3711,test
5880,test
10480,test
3981,test
9197,test
8206,test
9545,test
2738,test
11274,test
10646,test
2309,test
5508,test
6855,test
1697,test
9790,test
876,test
4965,test
7010,test
5461,test
72,test
532,test
5579,test
10716,test
6405,test
559,test
2629,test
1184,test
522,test
10362,test
3555,test
5253,test
4071,test
9846,test
6275,test
5946,test
955,test
8022,test
7805,test
9534,test
9979,test
338,test
8570,test
6940,test
11005,test
7893,test
3441,test
11177,test
1678,test
2354,test
515,test
9454,test
3118,test
5302,test
4865,test
3997,test
8092,test
5569,test
3857,test
2192,test
7480,test
5245,test
2404,test
8590,test
4786,test
4119,test
10171,test
240,test
9745,test
8468,test
6751,test
10753,test
8748,test
6537,test
11299,test
8107,test
9135,test
2451,test
3767,test
357,test
3232,test
7087,test
4856,test
3935,test
3960,test
1344,test
11168,test
5149,test
7456,test
8622,test
8075,test
1740,test
1502,test
7407,test
1249,test
8860,test
8867,test
8747,test
7763,test
10295,test
7298,test
11190,test
6685,test
3279,test
1063,test
3803,test
11061,test
6139,test
3057,test
9200,test
2492,test
9093,test
1629,test
8796,test
8113,test
127,test
1616,test
4169,test
1050,test
3704,test
2782,test
8303,test
5041,test
4503,test
11229,test
1690,test
1019,test
7964,test
11275,test
1314,test
6674,test
3751,test
1454,test
8192,test
7053,test
9022,test
6344,test
6358,test
4233,test
6744,test
6803,test
7016,test
4140,test
8659,test
4707,test
5552,test
8871,test
4743,test
2252,test
3198,test
3930,test
7677,test
7160,test
3480,test
3699,test
10438,test
11010,test
8761,test
7285,test
4068,test
5120,test
2330,test
8935,test
9901,test
2525,test
10252,test
9186,test
8785,test
2124,test
8397,test
4148,test
1917,test
9330,test
5059,test
8143,test
9638,test
10684,test
6435,test
11306,test
10300,test
2773,test
11170,test
10504,test
10739,test
8691,test
7491,test
168,test
6096,test
4432,test
9551,test
7971,test
10563,test
7259,test
2757,test
231,test
8362,test
5923,test
6235,test
7270,test
1875,test
1133,test
3673,test
1386,test
6454,test
9011,test
9804,test
1786,test
11110,test
2337,test
6285,test
2209,test
1901,test
5030,test
11309,test
4338,test
6942,test
582,test
10370,test
8701,test
10335,test
4583,test
4765,test
5891,test
10660,test
5272,test
10427,test
7297,test
3363,test
2580,test
4410,test
1965,test
3323,test
6170,test
4100,test
7240,test
8521,test
4037,test
9335,test
8223,test
9170,test
8448,test
6095,test
5176,test
4265,test
2245,test
8285,test
5861,test
5627,test
2792,test
7620,test
3458,test
8344,test
5816,test
9351,test
5751,test
5490,test
9565,test
11030,test
11333,test
4902,test
740,test
2350,test
16,test
9352,test
7671,test
6180,test
7012,test
7516,test
9964,test
4296,test
724,test
7556,test
3463,test
5379,test
2590,test
8201,test
5105,test
721,test
3795,test
6106,test
1011,test
8952,test
8305,test
742,test
10498,test
492,test
1217,test
8210,test
6276,test
1809,test
2491,test
11261,test
9497,test
10516,test
2882,test
5546,test
6463,test
7086,test
6001,test
4183,test
874,test
5818,test
7595,test
2934,test
1934,test
4734,test
11414,test
5314,test
1445,test
8526,test
9347,test
2790,test
5086,test
432,test
5123,test
7836,test
10776,test
7757,test
1526,test
7952,test
6018,test
9710,test
1956,test
9066,test
8454,test
1034,test
11215,test
1289,test
5505,test
2222,test
2645,test
5294,test
7311,test
6753,test
1111,test
5788,test
3580,test
5430,test
8435,test
1730,test
647,test
7748,test
7284,test
635,test
3371,test
1250,test
255,test
9625,test
10063,test
2742,test
11148,test
548,test
3393,test
11092,test
5442,test
2641,test
5309,test
10826,test
8005,test
5582,test
9163,test
1496,test
5668,test
1263,test
1534,test
5757,test
2779,test
4987,test
3513,test
8287,test
5781,test
6432,test
6123,test
1548,test
10772,test
9809,test
10460,test
10681,test
3791,test
3155,test
9242,test
402,test
2916,test
10811,test
9137,test
5208,test
9424,test
4310,test
8548,test
11063,test
9172,test
590,test
6932,test
10960,test
6927,test
7104,test
2780,test
10344,test
2573,test
9835,test
775,test
9514,test
8630,test
3514,test
4732,test
6972,test
4614,test
5085,test
1341,test
286,test
6946,test
2017,test
10327,test
6936,test
9700,test
5153,test
3636,test
9867,test
5084,test
4967,test
10073,test
11292,test
8313,test
1139,test
2246,test
808,test
5533,test
6568,test
8494,test
6948,test
8102,test
2371,test
3897,test
10273,test
3162,test
1830,test
2186,test
1926,test
6939,test
1994,test
10031,test
5407,test
10352,test
11408,test
8865,test
